pipeline,layer_avg_energy_J__layer01_features_0_0,layer_avg_latency_ms__layer01_features_0_0,layer_avg_power_W__layer01_features_0_0,layer_avg_energy_J__layer02_features_1_b_0_0,layer_avg_latency_ms__layer02_features_1_b_0_0,layer_avg_power_W__layer02_features_1_b_0_0,layer_avg_energy_J__layer03_feat_1_0_b1_fc1,layer_avg_latency_ms__layer03_feat_1_0_b1_fc1,layer_avg_power_W__layer03_feat_1_0_b1_fc1,layer_avg_energy_J__layer04_feat_1_0_b1_fc2,layer_avg_latency_ms__layer04_feat_1_0_b1_fc2,layer_avg_power_W__layer04_feat_1_0_b1_fc2,layer_avg_energy_J__layer05_features_1_b_2_0,layer_avg_latency_ms__layer05_features_1_b_2_0,layer_avg_power_W__layer05_features_1_b_2_0,layer_avg_energy_J__layer06_features_2_b_0_0,layer_avg_latency_ms__layer06_features_2_b_0_0,layer_avg_power_W__layer06_features_2_b_0_0,layer_avg_energy_J__layer07_features_2_b_1_0,layer_avg_latency_ms__layer07_features_2_b_1_0,layer_avg_power_W__layer07_features_2_b_1_0,layer_avg_energy_J__layer08_feat_2_0_b2_fc1,layer_avg_latency_ms__layer08_feat_2_0_b2_fc1,layer_avg_power_W__layer08_feat_2_0_b2_fc1,layer_avg_energy_J__layer09_feat_2_0_b2_fc2,layer_avg_latency_ms__layer09_feat_2_0_b2_fc2,layer_avg_power_W__layer09_feat_2_0_b2_fc2,pipeline_latency_ms,pipeline_energy_J
EfficientNetB0_N1,0.00130918,0.0076633087158203125,170.80204985937922,0.00068858,0.004501852111816407,152.91712229096152,0.00021234000000000002,0.0019931341552734375,106.47913661842509,0.00021219999999999998,0.0018312396240234374,115.79959401341173,0.00031138,0.0033395303344726564,93.21116765209348,0.00073616,0.004917739562988281,149.6608769021249,0.00091772,0.005213552856445313,175.9817137946238,0.00022218,0.0024110488891601564,92.10997893345083,0.00021434,0.0019282330322265625,111.09307992364529,0.03379963928222657,0.0048240800000000006
EfficientNetB0_N32,0.02608916,0.0732442626953125,356.1838088197757,0.01982238,0.049767587890625,398.2838904258486,0.00043986,0.0022816358947753907,192.69393578400206,0.00022710000000000002,0.0021157887268066404,107.2801672542954,0.013135879999999999,0.0451694580078125,290.7992405005204,0.027888020000000003,0.0779478857421875,357.7682631671726,0.05686666,0.153440927734375,370.60223821650675,0.00024196000000000002,0.002709872741699219,89.25022500137396,0.00023338000000000002,0.002081075134277344,112.08171866690797,0.4087584945678711,0.1449444
