pipeline,layer_avg_energy_J__AV,layer_avg_latency_ms__AV,layer_avg_power_W__AV,layer_avg_energy_J__Down-proj,layer_avg_latency_ms__Down-proj,layer_avg_power_W__Down-proj,layer_avg_energy_J__FFN-1,layer_avg_latency_ms__FFN-1,layer_avg_power_W__FFN-1,layer_avg_energy_J__K-proj,layer_avg_latency_ms__K-proj,layer_avg_power_W__K-proj,layer_avg_energy_J__Output-proj,layer_avg_latency_ms__Output-proj,layer_avg_power_W__Output-proj,layer_avg_energy_J__Q-proj,layer_avg_latency_ms__Q-proj,layer_avg_power_W__Q-proj,layer_avg_energy_J__QKT,layer_avg_latency_ms__QKT,layer_avg_power_W__QKT,layer_avg_energy_J__Softmax,layer_avg_latency_ms__Softmax,layer_avg_power_W__Softmax,layer_avg_energy_J__V-proj,layer_avg_latency_ms__V-proj,layer_avg_power_W__V-proj,pipeline_latency_ms,pipeline_energy_J
gpt_OPT-66B_prefill_b1_seq256,0.0026312,0.013057638549804688,201.42439166238418,0.29293,0.7677378540039063,381.4856264827882,0.32523599999999997,0.7555277099609375,430.41009031264736,0.0760009,0.19625543212890625,387.24385522881846,0.079402,0.1874165802001953,423.42004177887355,0.0759057,0.19597772216796874,387.307422995092,0.00446872,0.01535784912109375,290.9523188847121,0.0052535333333333335,0.014053102620442709,373.77528244200045,0.07853878,0.19735287109375,397.9584309970356,2.3427367598470052,0.9403668333333334
gpt_OPT-66B_prefill_b4_seq256,0.0213085,0.05516544189453125,386.22356065363493,1.0310920000000001,2.729146484375,377.78760732607094,1.1240599999999998,2.895571044921875,388.17973499289513,0.2960136,0.743954931640625,397.8872346664311,0.312034,0.7366983642578125,423.4800599354232,0.2928705,0.743121728515625,394.1040728108612,0.023642899999999998,0.059981455078125,394.1595789621261,0.027166366666666667,0.07079495442708333,383.7172396794009,0.29633912,0.74732953125,396.5281854046802,8.781763936360678,3.4245269866666668
