source,pipeline,pipeline_latency_ms,pipeline_energy_J,pipeline_energy_with_idle_J,pipeline_p2p_energy_J,pipeline_energy_with_idle_and_p2p_J,pipeline_latency_with_xfer_ms,pipeline_bottleneck_ms,pipeline_bottleneck_with_xfer_ms,pipeline_max_xfer_ms,pipeline_sum_xfer_ms,pipeline_transfer_bound,layer_avg_energy_J__layer0_attn_scores,layer_avg_latency_ms__layer0_attn_scores,layer_avg_power_W__layer0_attn_scores,layer_avg_energy_J__layer0_attn_v,layer_avg_latency_ms__layer0_attn_v,layer_avg_power_W__layer0_attn_v,layer_avg_energy_J__layer0_down_proj,layer_avg_latency_ms__layer0_down_proj,layer_avg_power_W__layer0_down_proj,layer_avg_energy_J__layer0_gate_proj,layer_avg_latency_ms__layer0_gate_proj,layer_avg_power_W__layer0_gate_proj,layer_avg_energy_J__layer0_k_proj,layer_avg_latency_ms__layer0_k_proj,layer_avg_power_W__layer0_k_proj,layer_avg_energy_J__layer0_o_proj,layer_avg_latency_ms__layer0_o_proj,layer_avg_power_W__layer0_o_proj,layer_avg_energy_J__layer0_q_proj,layer_avg_latency_ms__layer0_q_proj,layer_avg_power_W__layer0_q_proj,layer_avg_energy_J__layer0_up_proj,layer_avg_latency_ms__layer0_up_proj,layer_avg_power_W__layer0_up_proj,layer_avg_energy_J__layer0_v_proj,layer_avg_latency_ms__layer0_v_proj,layer_avg_power_W__layer0_v_proj,layer_avg_energy_J__layer19_features_5_block_2_fc1,layer_avg_latency_ms__layer19_features_5_block_2_fc1,layer_avg_power_W__layer19_features_5_block_2_fc1,layer_avg_energy_J__layer43_features_10_block_1_0,layer_avg_latency_ms__layer43_features_10_block_1_0,layer_avg_power_W__layer43_features_10_block_1_0,layer_avg_energy_J__layer6_features_2_block_0_0,layer_avg_latency_ms__layer6_features_2_block_0_0,layer_avg_power_W__layer6_features_2_block_0_0,layer_avg_energy_J__layer7_features_2_block_1_0,layer_avg_latency_ms__layer7_features_2_block_1_0,layer_avg_power_W__layer7_features_2_block_1_0,layer_avg_energy_J__layer8_features_2_block_2_0,layer_avg_latency_ms__layer8_features_2_block_2_0,layer_avg_power_W__layer8_features_2_block_2_0,layer_avg_energy_J__expert_down_proj,layer_avg_latency_ms__expert_down_proj,layer_avg_power_W__expert_down_proj,layer_avg_energy_J__expert_gate_proj,layer_avg_latency_ms__expert_gate_proj,layer_avg_power_W__expert_gate_proj,layer_avg_energy_J__router,layer_avg_latency_ms__router,layer_avg_power_W__router,layer_avg_energy_J__layer14_stages_1_blocks_0_large_kernel_lkb_origin_conv,layer_avg_latency_ms__layer14_stages_1_blocks_0_large_kernel_lkb_origin_conv,layer_avg_power_W__layer14_stages_1_blocks_0_large_kernel_lkb_origin_conv,layer_avg_energy_J__layer15_stages_1_blocks_0_large_kernel_small_conv_conv,layer_avg_latency_ms__layer15_stages_1_blocks_0_large_kernel_small_conv_conv,layer_avg_power_W__layer15_stages_1_blocks_0_large_kernel_small_conv_conv,layer_avg_energy_J__layer16_stages_1_blocks_0_pw2_conv,layer_avg_latency_ms__layer16_stages_1_blocks_0_pw2_conv,layer_avg_power_W__layer16_stages_1_blocks_0_pw2_conv,layer_avg_energy_J__layer1_stages_0_blocks_0_pw1_conv,layer_avg_latency_ms__layer1_stages_0_blocks_0_pw1_conv,layer_avg_power_W__layer1_stages_0_blocks_0_pw1_conv
llama3.1_70b_decode,llama3.1_70b_decode_b16_kv1024,1.144624468467227,0.5128771005458793,0.6539212908391254,0.0093876009321309,0.6633088917712563,1.3023967259585407,0.513465576171875,0.513465576171875,0.0532272081218274,0.1577722574913135,False,0.0033823889101316,0.0091051968880776,371.47894237855513,0.0022730742144617,0.0077685760274912,292.5946120559848,0.162276,0.513465576171875,316.0364133950961,0.1222885714285714,0.3118109006297831,392.1834131862845,0.0054882892057026,0.0152754624749395,359.28285824311354,0.0446291999999999,0.151222802734375,295.1180890656736,0.0445053,0.151251416015625,294.24304460716417,0.122544693877551,0.3117023577008929,393.14109795008295,0.0054895829094608,0.0152725570539006,359.4361596128069,,,,,,,,,,,,,,,,,,,,,,,,,,,,,,,,,,,,
llama3.1_70b_decode,llama3.1_70b_decode_b16_kv2048,1.150191513791452,0.5242058119725207,0.664963380530424,0.0112666491241308,0.6762300296545549,1.354600944113319,0.513377197265625,0.513377197265625,0.0998643809523809,0.2044094303218671,False,0.0049167902898362,0.0147236752657383,333.93770244834644,0.0027870162996142,0.0077804097749163,358.20433021379444,0.1652566666666666,0.513377197265625,321.8965299574197,0.1248848979591836,0.3118018574617347,400.5148626727224,0.0055194699286442,0.0152900544923865,360.9790906644867,0.0454517,0.1512101318359375,300.5815239933067,0.044754,0.1512982421875,295.7928567590436,0.1251204081632653,0.3116978983976403,401.4097813719792,0.0055148626653102,0.0152693407557381,361.167557733758,,,,,,,,,,,,,,,,,,,,,,,,,,,,,,,,,,,,
llama3.1_70b_decode,llama3.1_70b_decode_b16_kv4096,1.1628503834573958,0.5514437700757122,0.6916662997323761,0.0150582999401309,0.706724599672507,1.4521665341484675,0.5134630533854166,0.5134630533854166,0.1847711013215859,0.289316150691072,False,0.0089054822921603,0.0231286337292988,385.0414337652417,0.0046620935765265,0.0118959145844691,391.9012339230552,0.1656146666666666,0.5134630533854166,322.5369300725276,0.1333485714285714,0.3118115732621173,427.6511079287079,0.0055486354378818,0.0152874208904817,362.9492224367676,0.0486581,0.1512422729492187,321.7180854928848,0.0455536,0.151308935546875,301.05824473334906,0.1336020408163265,0.3117022580516582,428.6144729472565,0.0055505798575788,0.0152712034766817,363.46146753294886,,,,,,,,,,,,,,,,,,,,,,,,,,,,,,,,,,,,
llama3.1_70b_decode,llama3.1_70b_decode_b16_kv512,1.1389672071870054,0.5074470164262346,0.648751183623471,0.0085990717801308,0.6573502554036018,1.2809613994136344,0.5134801839192709,0.5134801839192709,0.0374491428571428,0.1419941922266289,False,0.0018042962258363,0.0062043516762276,290.8114046387098,0.0013685522279625,0.0050453138407895,271.2482455146237,0.161293,0.5134801839192709,314.1131842857452,0.1216651020408163,0.3116988699776786,390.32383075708543,0.0054787169042769,0.0152879380111538,358.3640039634914,0.0443524,0.15122978515625,293.27424607775737,0.0441694,0.1512916625976562,291.9446076021432,0.1218348979591836,0.3117159099968112,390.84700288598447,0.0054806510681586,0.0152750357145695,358.7911963351736,,,,,,,,,,,,,,,,,,,,,,,,,,,,,,,,,,,,
llama3.1_70b_decode,llama3.1_70b_decode_b1_kv1024,0.8730651265224987,0.5051901171033161,0.5973230762899653,0.00212877312,0.5994518494099653,0.9423222693796416,0.3691896019912347,0.3691896019912347,0.0156038095238095,0.0692571428571428,False,0.000849715862972,0.0064826486852874,131.07541442134573,0.0005861048541502,0.0042240926899583,138.75016627657016,0.1276463265306122,0.3108098742426658,410.6832109380267,0.1456978048780488,0.3691896019912347,394.63604212517487,0.005015221238938,0.0166014571738454,302.0903229827259,0.0370093939393939,0.0911747011126894,405.91028307774167,0.0375631515151515,0.0911842078006628,411.94084487085047,0.1458190243902438,0.3690345726943597,395.130206617585,0.0050033738938053,0.0166061684937603,301.29108289099065,,,,,,,,,,,,,,,,,,,,,,,,,,,,,,,,,,,,
llama3.1_70b_decode,llama3.1_70b_decode_b1_kv2048,0.8783604123702082,0.5028494619743011,0.5947051513266967,0.002242019328,0.5969471706546967,0.949726178135974,0.3690971858326982,0.3690971858326982,0.0177124324324324,0.0713657657657657,False,0.0014068884371762,0.0102064963522132,137.8424474595731,0.0008748569146812,0.0057163732417381,153.04154858985555,0.1269363265306122,0.3110010014748087,408.1475189404111,0.1448295121951219,0.3690757490948932,392.40515535809465,0.0049657190265486,0.0166000838828297,299.13314385301896,0.0367485454545454,0.0911389382102272,403.2082114731666,0.0371827272727272,0.0912004172585227,407.6971768700992,0.1449485365853658,0.3690971858326982,392.705089271265,0.0049563495575221,0.016600885982007,298.5537691103421,,,,,,,,,,,,,,,,,,,,,,,,,,,,,,,,,,,,
llama3.1_70b_decode,llama3.1_70b_decode_b1_kv4096,0.8750051681621525,0.5022269784250464,0.5942127389359043,0.0024559288319999,0.5966686677679043,0.9505038348288192,0.3690219190644055,0.3690219190644055,0.0218453333333333,0.0754986666666666,False,0.0013565212868784,0.0062943405276408,215.5144420486006,0.0010278744034415,0.0063163709630887,162.7292878756545,0.126828775510204,0.3110496801259566,407.7385780527051,0.14465,0.3690219190644055,391.9759881533387,0.0049376991150442,0.0166103018701604,297.2628688009608,0.0367443636363636,0.0911520034327651,403.1042787592826,0.0370010303030303,0.0911708540482954,405.8360252706363,0.1447478048780487,0.3688472989710366,392.4268890440799,0.0049329092920353,0.0166064912239007,297.0424239397224,,,,,,,,,,,,,,,,,,,,,,,,,,,,,,,,,,,,
llama3.1_70b_decode,llama3.1_70b_decode_b1_kv512,0.8712403041518262,0.5112275839465982,0.6033393924980045,0.002097840128,0.6054372326260045,0.9404974470089692,0.368920243426067,0.368920243426067,0.0156038095238095,0.0692571428571428,False,0.0006524271912807,0.0048178933396914,135.41752489742302,0.0005590101370782,0.0045066307658798,124.03944092895053,0.1289487755102041,0.3107737015704719,414.9216186080674,0.1474897560975609,0.3688938047827744,399.80839875963954,0.005128860619469,0.0166094498085764,308.7866679275448,0.037480909090909,0.0910829856178977,411.49477640919207,0.0383758181818181,0.0911388494318181,421.0621691820757,0.147480487804878,0.368920243426067,399.7555271345421,0.0051115393133997,0.0166095531712866,307.7421706429517,,,,,,,,,,,,,,,,,,,,,,,,,,,,,,,,,,,,
llama3.1_70b_decode,llama3.1_70b_decode_b4_kv1024,0.8165244555038281,0.4402035942926133,0.5140337029437296,0.0053356699573065,0.5193693729010362,0.9176918442938502,0.3108550402582908,0.3108550402582908,0.0218453333333333,0.101167388790022,False,0.0013486330990628,0.0072306560211484,186.5160083840664,0.0010596827834074,0.0051016780229451,207.70904351049936,0.1216353061224489,0.3105099549585459,391.72104302527737,0.1179369387755102,0.3108550402582908,379.3895293913848,0.0048128557312252,0.0148298494240983,324.5331821369263,0.0352605454545454,0.0914252189867424,385.6695728785365,0.0352896363636363,0.0914019072561553,386.0872352624895,0.1180424489795918,0.3108362314652423,379.75230167124914,0.0048175469831849,0.0148357447955304,324.7205807945268,,,,,,,,,,,,,,,,,,,,,,,,,,,,,,,,,,,,
llama3.1_70b_decode,llama3.1_70b_decode_b4_kv2048,0.8209421809652213,0.4438837355435211,0.5175016877624339,0.0059102896053065,0.5234119773677405,0.9377133792790528,0.3108158531967474,0.3108158531967474,0.0374491428571428,0.1167711983138315,False,0.0022773352287247,0.0111248289885004,204.7074369483636,0.0012033817747663,0.0057104935728479,210.72725724580656,0.1222985714285714,0.3104989686304209,393.8715104749575,0.1187453061224489,0.3107683952487245,382.0956664236485,0.0048167754698318,0.0148370029287215,324.6412923354656,0.0355596969696969,0.0914070046164772,389.0159548325935,0.0353112121212121,0.0913850319602272,386.3938713505904,0.1188565306122449,0.3108158531967474,382.3956782793778,0.0048149258160237,0.0148406058744436,324.4376245828522,,,,,,,,,,,,,,,,,,,,,,,,,,,,,,,,,,,,
llama3.1_70b_decode,llama3.1_70b_decode_b4_kv4096,0.8204362364801032,0.4552199225136598,0.5288748682730791,0.0066988187573065,0.5355736870303857,0.9529855000586194,0.3108543178013392,0.3108543178013392,0.0532272081218274,0.1325492635785161,False,0.0036033870804053,0.0095049368923191,379.1068916319969,0.0017086045897707,0.006714205274917,254.47234559289623,0.1306510204081633,0.3105056949537627,420.7576313873098,0.1192228571428571,0.310810546875,383.58069528848137,0.004822756916996,0.0148308578310276,325.1789624078951,0.0356618787878787,0.0914122943300189,390.1150116305826,0.035482606060606,0.0914447872277462,388.01600360660586,0.1192451020408163,0.3108543178013392,383.5985413914293,0.004821709486166,0.014834646594383,325.0252803254064,,,,,,,,,,,,,,,,,,,,,,,,,,,,,,,,,,,,
llama3.1_70b_decode,llama3.1_70b_decode_b4_kv512,0.8144556849112546,0.4396010199527191,0.5135511757353037,0.0051217604533065,0.5186729361886103,0.9114901728003756,0.3109247698102678,0.3109247698102678,0.0177124324324324,0.0970344878891211,False,0.0008757704172545,0.005347212185842,163.78074907394424,0.0009316532890608,0.0049121456150229,189.65992191557905,0.1215712244897959,0.3104610770089285,391.57655774116216,0.1177357142857142,0.3109247698102678,378.6571905532049,0.0048264229249011,0.0148314995445281,325.4119357174976,0.0352575757575757,0.0914228145714962,385.6479736264772,0.0357216363636363,0.0913876657196969,390.87420295498976,0.1178579591836734,0.3108642079878826,379.1188665342883,0.0048230632411067,0.014834740680197,325.11326028062683,,,,,,,,,,,,,,,,,,,,,,,,,,,,,,,,,,,,
llama3.1_70b_decode,llama3.1_70b_decode_b8_kv1024,1.0163835919562,0.4724333310936287,0.6169774846063905,0.0066203543884167,0.6235978389948073,1.1368867576914483,0.50772509765625,0.50772509765625,0.0374491428571428,0.1205031657352481,False,0.0019652437732379,0.007694649025038,255.40395238862263,0.0011600448809917,0.0055181610160187,210.21952054053915,0.1482366666666666,0.50772509765625,291.9581994100688,0.1193559183673469,0.3112974579480229,383.4063955451057,0.0050302091633466,0.0149426245214454,336.6259321779269,0.0361848466257668,0.0920909296515529,392.9188077823925,0.035970736196319,0.0920572966593174,390.73681377031545,0.1195018367346938,0.3111677893813775,384.0371317827702,0.0050278286852589,0.0149395727636329,336.53875408726606,,,,,,,,,,,,,,,,,,,,,,,,,,,,,,,,,,,,
llama3.1_70b_decode,llama3.1_70b_decode_b8_kv2048,1.0216798452653086,0.4865765116050624,0.630917574625484,0.0074088835404167,0.6383264581659008,1.1579610762652413,0.50780126953125,0.50780126953125,0.0532272081218274,0.1362812309999326,False,0.0035756013788126,0.0119771780798917,298.5345425243058,0.0018117867982618,0.0065513196526587,276.54953845801,0.158633,0.50780126953125,312.38825902502674,0.11993,0.3111678142936862,385.4136021665356,0.0050282569721115,0.0149378827463583,336.60631326172336,0.0362750306748466,0.0921015490198427,393.8534566446707,0.0360977914110429,0.0920807146879792,392.0177108386914,0.1201991836734693,0.3110812440210459,386.38672430836,0.0050258606965174,0.0149332755169465,336.5499699144813,,,,,,,,,,,,,,,,,,,,,,,,,,,,,,,,,,,,
llama3.1_70b_decode,llama3.1_70b_decode_b8_kv4096,1.0254687988539577,0.5083149060731631,0.6524458855189741,0.0092879317324167,0.6617338172513909,1.208387202684444,0.5077020670572917,0.5077020670572917,0.0998643809523809,0.1829184038304862,False,0.0053253567348769,0.0138419640960177,384.7255127911387,0.0029862938815021,0.0085454487622071,349.4556523237593,0.1594873333333333,0.5077020670572917,314.1313219089918,0.1287902040816326,0.3111487812898597,413.91269317524535,0.0050467562189054,0.0149309786516635,338.0009552038405,0.0365,0.0921050838166219,396.2766045397249,0.0362318404907975,0.0921254538319593,393.2809855103812,0.1289038775510204,0.3110795748963648,414.37068906007954,0.0050432437810945,0.0149285967622823,337.8196392061495,,,,,,,,,,,,,,,,,,,,,,,,,,,,,,,,,,,,
llama3.1_70b_decode,llama3.1_70b_decode_b8_kv512,1.0137052513304237,0.470185889878557,0.6148736987137522,0.0060457347404167,0.620919433454169,1.1186046075418623,0.5077830403645833,0.5077830403645833,0.0218453333333333,0.1048993562114386,False,0.0011651458596162,0.0056079881868351,207.76539122379165,0.0008959988684938,0.0047767614221225,187.57035857871685,0.147586,0.5077830403645833,290.6432754584042,0.1190104081632653,0.3111904346699617,382.42970733556473,0.0050494621513944,0.0149397964781499,337.9816137843716,0.0360194478527607,0.0920363499928105,391.3547022821229,0.0362732515337423,0.092130261754697,393.7102848514622,0.1191426530612244,0.311370849609375,382.6325997304489,0.0050435223880597,0.0149272400206001,337.86854647986394,,,,,,,,,,,,,,,,,,,,,,,,,,,,,,,,,,,,
llama3.1_70b_prefill,llama3.1_70b_prefill_b16_s1024,70.9388029513889,57.14474889542483,63.307260836486414,9.355349857317622,72.66261069380404,158.4526794035439,25.94239990234375,45.11520268907563,45.11520268907563,87.513876452155,True,2.346312777777778,4.611482476128472,508.7979386072834,0.8837820000000001,1.6214912109375,545.0345061804369,15.60225,25.94239990234375,601.4040075609554,13.81258,23.815361328125,579.979141592574,0.5639082352941176,0.8918515912224265,632.2787852589713,4.599986666666667,7.462650553385417,616.3908404294976,4.401423333333333,7.474833984375,588.8195976712694,14.40444,23.82594482421875,604.5565173245853,0.5300658823529412,0.8908734489889706,594.9864940695137,,,,,,,,,,,,,,,,,,,,,,,,,,,,,,,,,,,,
llama3.1_70b_prefill,llama3.1_70b_prefill_b16_s2048,150.43963826497395,118.12873388888887,128.39992308566625,25.57288590116152,153.97280898682777,414.83136728358346,47.7321923828125,179.70574460251046,179.70574460251046,264.3917290186095,True,9.484675,19.331444091796875,490.6345824430538,3.368813333333333,6.117056477864583,550.7164118413629,28.799,47.7321923828125,603.3365834614762,28.20519,47.478173828125,594.0608039405586,1.0667855555555554,1.711573757595486,623.2682584422384,8.99826,14.867425537109376,605.2265020715623,9.00041,14.903927001953123,603.8878265249577,28.20541,47.4875927734375,593.9450948270913,1.00019,1.71169677734375,584.3144246987416,,,,,,,,,,,,,,,,,,,,,,,,,,,,,,,,,,,,
llama3.1_70b_prefill,llama3.1_70b_prefill_b16_s4096,352.3120751953125,265.230336,283.25022387963867,78.19547583253103,361.4456997121697,1237.3219679460128,94.92390625,715.8278826666667,715.8278826666667,885.0098927507004,True,43.96003,84.8238671875,518.2507171339878,13.80238,23.685859375,582.7137621369253,56.99515,94.92390625,600.4231983237975,56.99765,94.7563671875,601.5113669297356,2.040308,3.414891845703125,597.4650510320088,16.19783,27.02324462890625,599.3909361379814,16.19961,27.09883056640625,597.7832527653696,56.99575,94.7321484375,601.6458120397269,2.041628,3.414087890625,597.9936821917486,,,,,,,,,,,,,,,,,,,,,,,,,,,,,,,,,,,,
llama3.1_70b_prefill,llama3.1_70b_prefill_b16_s512,35.42698973157711,29.642527107970466,32.778881776766845,3.6297029084348105,36.40858468520165,67.8080858304487,13.2493017578125,13.2493017578125,11.302545515789474,32.381096098871595,False,0.6011699567099567,1.1997788730637853,501.06729682178354,0.282295294117647,0.4503762637867647,626.7902612716302,7.799690000000001,13.030289306640626,598.5739692327936,8.09957,13.246558837890625,611.438393683911,0.2741737142857143,0.4366296037946429,627.922058401572,2.2793180000000004,3.74739306640625,608.2315855483723,2.25013,3.749850463867188,600.0470654052898,7.798914999999999,13.2493017578125,588.6208960791878,0.2572651428571428,0.4367672293526786,589.0117292065794,,,,,,,,,,,,,,,,,,,,,,,,,,,,,,,,,,,,
llama3.1_70b_prefill,llama3.1_70b_prefill_b1_s1024,4.6628934669134665,3.924964024986017,4.3021932562880965,0.4382776208895688,4.740470877177665,10.113235958602328,1.65076904296875,2.796202666666667,2.796202666666667,5.45034249168886,True,0.1407013400018023,0.2954816049488319,476.17630893187857,0.0547271428571428,0.1074440656389509,509.3454410847341,1.019615,1.65076904296875,617.6519669749995,1.020576,1.6446641845703125,620.5161983434245,0.0454458563535911,0.0832534368525552,545.8658281694541,0.30010375,0.4819647979736328,622.658513950737,0.281211875,0.4795802688598632,586.3557871597517,1.019904,1.6476536865234377,618.9892780194056,0.0426790607734806,0.0832384916695442,512.7252630879952,,,,,,,,,,,,,,,,,,,,,,,,,,,,,,,,,,,,
llama3.1_70b_prefill,llama3.1_70b_prefill_b1_s2048,10.025790863887444,8.037889086137659,8.778346877867344,1.385438044615568,10.163784922482913,26.60661135014105,3.331521728515625,11.302545515789474,11.302545515789474,16.580820486253607,True,0.5763610087719299,1.221326759739926,471.9138462950426,0.20898575,0.3837186279296875,544.6245985299837,2.041216,3.331521728515625,612.6866626888458,2.039754,3.24121826171875,629.3066109989418,0.0782399130434782,0.1310036939538043,597.224857393469,0.5292011764705883,0.9252611586626838,571.937749169881,0.5648894117647059,0.922624942555147,612.243666642706,1.92097,3.241337646484375,592.638371913681,0.0782718260869565,0.1310651430876358,597.1885734156757,,,,,,,,,,,,,,,,,,,,,,,,,,,,,,,,,,,,
llama3.1_70b_prefill,llama3.1_70b_prefill_b1_s4096,23.0803879641138,17.654169704412546,18.98869400628133,4.737263071236111,23.72595707751744,78.73123753310887,6.63111328125,45.11520268907563,45.11520268907563,55.65084956899508,True,2.8274251111111117,5.304724256727431,533.001335088319,0.8725909090909091,1.4752476917613635,591.4783697326365,3.999273333333333,6.63111328125,603.0962816088613,3.799346666666667,6.41580078125,592.1754922533727,0.1579868421052631,0.263852324904057,598.7595724256415,1.019732,1.627589599609375,626.519343794726,1.020138,1.623385498046875,628.3915859053216,3.799623333333333,6.41832763671875,591.9871099305121,0.1580535087719298,0.2638828638980263,598.9444124857023,,,,,,,,,,,,,,,,,,,,,,,,,,,,,,,,,,,,
llama3.1_70b_prefill,llama3.1_70b_prefill_b1_s512,2.3364643444164903,1.9825069917063092,2.190380893453116,0.1424588957392973,2.332839789192413,4.403868757927646,0.8749049886067708,0.8749049886067708,0.7078994092827005,2.067404413511156,False,0.0353068139491941,0.0780441647969119,452.39530772185503,0.0178346170212765,0.0319170545212766,558.7668045152222,0.5336288888888889,0.8749049886067708,609.9154416954921,0.5006805555555556,0.8419560411241319,594.6470788515408,0.022968426395939,0.0381240209589149,602.4391830607811,0.1574719672131147,0.2494859238921619,631.1715420711785,0.1580543859649122,0.258108916700932,612.3267955144618,0.5336416666666667,0.8440032958984375,632.2639635141542,0.0229196700507614,0.0381804521434803,600.2778430783317,,,,,,,,,,,,,,,,,,,,,,,,,,,,,,,,,,,,
llama3.1_70b_prefill,llama3.1_70b_prefill_b4_s1024,17.847389206345017,14.670684447887735,16.231767905538888,2.196789915652111,18.428557821191,39.68558160205394,6.608565673828125,11.302545515789474,11.302545515789474,21.838192395708923,True,0.5942287698412698,1.1590985107421874,512.6645960926794,0.2388924324324324,0.4086802219700169,584.533434210994,4.00003,6.608565673828125,605.2682242597635,3.79975,6.409921875,592.7845855145113,0.1578507017543859,0.2648623175370065,595.9634793035364,0.959897,1.6301533203125,588.8291527098623,0.960508,1.6309696044921875,588.9040731723804,3.801593333333333,6.409130045572916,593.1448968556856,0.1579342105263158,0.2649659916392544,596.0458802003845,,,,,,,,,,,,,,,,,,,,,,,,,,,,,,,,,,,,
llama3.1_70b_prefill,llama3.1_70b_prefill_b4_s2048,40.32107151285807,31.75796773015873,34.685793819592675,6.170176064018811,40.855969883611486,106.51482478501582,13.28188232421875,45.11520268907563,45.11520268907563,66.19375327215775,True,2.3417464444444445,4.953975504557292,472.7004488193796,0.851418,1.52628515625,557.8241170924161,7.798089999999999,13.04496826171875,597.7795009024211,7.800995,13.277049560546876,587.5485786188581,0.2571088571428571,0.437991455078125,587.0090994314331,2.25056,3.754532165527344,599.4149772655812,2.40017,3.7594281005859376,638.4294536542578,7.800750000000001,13.28188232421875,587.3116157045125,0.2571294285714285,0.4380264020647321,587.0081810454184,,,,,,,,,,,,,,,,,,,,,,,,,,,,,,,,,,,,
llama3.1_70b_prefill,llama3.1_70b_prefill_b4_s4096,91.98953063964842,68.8221631372549,74.05746610194787,19.543012283429626,93.60047838537749,314.0939490052383,25.9974609375,179.70574460251046,179.70574460251046,222.10441836558985,True,11.068276666666668,21.20599487304688,521.9409291065426,3.40014,5.9235400390625,573.9970330285348,15.59671,25.9974609375,599.9230064983836,14.39776,23.86521240234375,603.2824393471412,0.5294005882352941,0.8927742991727942,592.975108728937,4.40132,7.477978515625,588.5634347971278,4.50009,7.519343872070312,598.4544560071392,14.39867,23.86240234375,603.395918034056,0.5297958823529412,0.8923752728630515,593.683717356718,,,,,,,,,,,,,,,,,,,,,,,,,,,,,,,,,,,,
llama3.1_70b_prefill,llama3.1_70b_prefill_b4_s512,8.887703834751372,7.506700291456799,8.300713999967847,0.7240130810315678,9.024727080999416,16.962181471882175,3.34007666015625,3.34007666015625,2.796202666666667,8.074477637130801,False,0.1499407576339542,0.3024223544196064,495.7991876020969,0.069302,0.1159508995643028,597.6745490284167,2.040052,3.34007666015625,610.7704190796306,1.919826,3.26303271484375,588.345828938798,0.0789397368421052,0.1325741630688048,595.4281021282155,0.5646070588235295,0.9320734001608456,605.7447584854021,0.5646117647058824,0.9339805692784926,604.5122902113728,2.03977,3.263199951171875,625.0733935944064,0.0796509734513274,0.1326301507190265,600.5288846727759,,,,,,,,,,,,,,,,,,,,,,,,,,,,,,,,,,,,
llama3.1_70b_prefill,llama3.1_70b_prefill_b8_s1024,36.88311470047152,30.378274038999013,33.44507150198952,4.469369014802811,37.914440516792325,80.51926662809146,13.23823974609375,22.55760134453781,22.55760134453781,43.636151927619935,True,1.1504020202020202,2.310128494416825,497.9818321718208,0.465278947368421,0.811724853515625,573.1890197461827,7.79933,13.022646484375,598.8980301366511,8.101915,13.236585693359377,612.0734560753058,0.2743862857142857,0.4366951032366071,628.3143258304542,2.279412,3.749521240234375,607.9123479163852,2.2497125,3.750853881835938,599.7769391660362,7.800644999999999,13.23823974609375,589.2436731807278,0.2571922857142857,0.4367074846540179,588.9250710135558,,,,,,,,,,,,,,,,,,,,,,,,,,,,,,,,,,,,
llama3.1_70b_prefill,llama3.1_70b_prefill_b8_s2048,77.5746893717448,60.87574011764706,66.74640786286479,12.77414382493362,79.5205516877984,210.20376851297544,25.9572314453125,90.23040537815126,90.23040537815126,132.62907914123065,True,4.686723333333333,9.806053955078124,477.9418260192506,1.683436,3.05988134765625,550.1546743235789,15.61084,25.9572314453125,601.3939256509535,14.402260000000002,23.80152587890625,605.0826974434941,0.5297711764705882,0.889725341796875,595.4218764749501,4.599876666666667,7.463190104166666,616.3347977649098,4.4013100000000005,7.4715673828125,589.0624838925587,14.39662,23.81676513671875,604.4660846769532,0.5649029411764707,0.8898591883042279,634.8139032005661,,,,,,,,,,,,,,,,,,,,,,,,,,,,,,,,,,,,
llama3.1_70b_prefill,llama3.1_70b_prefill_b8_s4096,179.4576513671875,133.9555988888889,142.94418589450413,39.07626307978552,182.02044897428965,622.05757711662,47.7974462890625,357.91394133333336,357.91394133333336,442.5999257494324,True,22.08771,42.42973388671875,520.5714949561312,6.900135000000001,11.839998779296875,582.7760021001435,28.80692,47.7974462890625,602.6791568437314,28.19774,47.54904296875,593.0175068498298,1.066731111111111,1.7119112141927084,623.1128299273313,8.698275,14.896751708984375,583.898801953467,8.99947,14.9177880859375,603.261698376619,28.199,47.5759326171875,592.7086300168193,0.9996177777777776,1.7120331488715277,583.8695810753078,,,,,,,,,,,,,,,,,,,,,,,,,,,,,,,,,,,,
llama3.1_70b_prefill,llama3.1_70b_prefill_b8_s512,17.109105421223845,14.330311212644864,15.915542339436604,1.775883120644111,17.691425460080715,33.307947575404896,6.586934814453125,6.586934814453125,5.663195274261604,16.198842154181055,False,0.2954594183864916,0.601758778527351,490.9931170585531,0.1365036363636363,0.2274651729699337,600.0974522389453,4.001543333333333,6.586934814453125,607.4879451525424,3.7997933333333336,6.417869059244792,592.0562376011952,0.1579050877192982,0.2640509568599232,597.9939451166506,0.960269,1.6225247802734375,591.8273730074957,1.019786,1.62881298828125,626.0823440899338,3.8011866666666663,6.44160888671875,590.0869687490956,0.1578647368421052,0.2640295195997807,597.8960405639476,,,,,,,,,,,,,,,,,,,,,,,,,,,,,,,,,,,,
llama3.1_8b_decode,llama3.1_8b_decode_b16_kv1024,0.2277705164961622,0.1256289416293078,0.1439070358612276,0.0068502546764167,0.1507572905376444,0.3482736822314103,0.0815449059527853,0.0815449059527853,0.0374491428571428,0.1205031657352481,False,0.0019889352610224,0.0077748042504278,255.81804981302216,0.0012068625277161,0.0055814232442084,216.22485953433988,0.032106902173913,0.0815449059527853,393.7262534422493,0.0326491397849462,0.0807667328209005,404.2330186352276,0.0030387700192184,0.0096130496213865,316.10334370342133,0.009413062283737,0.0259837388827314,362.260850483951,0.0094775478260869,0.0261189113451086,362.8550058392415,0.032708817204301,0.0807265414986559,405.174029966303,0.0030389045483664,0.0096141741384228,316.0805530198758,,,,,,,,,,,,,,,,,,,,,,,,,,,,,,,,,,,,
llama3.1_8b_decode,llama3.1_8b_decode_b16_kv2048,0.2330149015570198,0.1279590146335293,0.1459776875070527,0.0076387838284167,0.1536164713354695,0.3692961325569525,0.0814893765836148,0.0814893765836148,0.0532272081218274,0.1362812309999326,False,0.0036115166538317,0.0120130094486652,300.63379782266,0.0017364298724954,0.006666433903869,260.4686333356879,0.0320495675675675,0.0814893765836148,393.28359811747214,0.032756505376344,0.0807559696320564,405.6105372874961,0.0030418741976893,0.0096270932159619,315.96432749359246,0.0094462629757785,0.0259768264928903,363.6351767841708,0.0094903478260869,0.0261132854959239,363.4236339621625,0.0327868817204301,0.0807388010332661,406.0788926759747,0.0030396284433055,0.0096086407013232,316.33784404132456,,,,,,,,,,,,,,,,,,,,,,,,,,,,,,,,,,,,
llama3.1_8b_decode,llama3.1_8b_decode_b16_kv4096,0.2365960093225844,0.1334537268020271,0.1513138412074834,0.0095178320204167,0.1608316732279002,0.4195144131530707,0.0814855429159628,0.0998643809523809,0.0998643809523809,0.1829184038304862,True,0.0054709659460715,0.013825731026211,395.7089817312103,0.0029931879488726,0.0085371760323181,350.59992714295214,0.0342659459459459,0.0814855429159628,420.5076016439568,0.0328423655913978,0.0807565143544186,406.6759899345736,0.0030320012746972,0.0095618158149597,317.089097366932,0.0094901903114186,0.0259631812283737,365.51773571214727,0.0094834835355285,0.0260278637653,364.3513507624896,0.032841129032258,0.0807384400726646,406.7517363723841,0.0030344572158365,0.0095821898010955,316.67116605796497,,,,,,,,,,,,,,,,,,,,,,,,,,,,,,,,,,,,
llama3.1_8b_decode,llama3.1_8b_decode_b16_kv512,0.2249571998059936,0.1244894099353032,0.1428761550406883,0.0062756350284167,0.1491517900691051,0.3298565560174322,0.0814914748733108,0.0814914748733108,0.0218453333333333,0.1048993562114386,False,0.0013193811574629,0.0057031556337788,231.34230278557988,0.0010782003955174,0.0049422234049264,218.1570377376806,0.031885081081081,0.0814914748733108,391.2616562696421,0.0326062903225806,0.0807376525222614,403.8477014314458,0.003038775510204,0.0095665803247568,317.63921816237126,0.0094216695652173,0.0261097465183423,360.84128820316727,0.0094870242214532,0.0259729468533737,365.2588524528948,0.0326140860215053,0.0807261345976142,403.9988691813185,0.0030389016602809,0.009579023456208,317.23639464511,,,,,,,,,,,,,,,,,,,,,,,,,,,,,,,,,,,,
llama3.1_8b_decode,llama3.1_8b_decode_b1_kv1024,0.3360455504791541,0.1634776557999499,0.187568027411068,0.00129318912,0.188861216531068,0.4016493600029636,0.1096108986513458,0.1096108986513458,0.0156038095238095,0.0656038095238095,False,0.0008785750194376,0.0070340843115473,124.9025431775663,0.0005143045793041,0.0041963037487141,122.55811140024488,0.0371024817518248,0.1096108986513458,338.4855522607264,0.0448833757961783,0.0960770955662818,467.14994557687777,0.003574853128991,0.009581754837913,373.0821353011506,0.015244246031746,0.0595228358677455,256.1015626115841,0.0155369047619047,0.0596043323335193,260.6615810222359,0.0421741401273885,0.0960011320660828,439.3000074182233,0.0035687746031746,0.0095280591207837,374.5440283922457,,,,,,,,,,,,,,,,,,,,,,,,,,,,,,,,,,,,
llama3.1_8b_decode,llama3.1_8b_decode_b1_kv2048,0.3424574926834033,0.1634457998800177,0.1872536935441991,0.001324122112,0.1885778156561991,0.4080613022072128,0.109638039247833,0.109638039247833,0.0156038095238095,0.0656038095238095,False,0.0012666455111322,0.0102341870997292,123.7661085134668,0.0008188868042526,0.0058751662721329,139.37808942917698,0.0368402189781021,0.109638039247833,336.0099869371442,0.041818025477707,0.0960707665704617,435.2747325545958,0.0035347631241997,0.0096046015975112,368.0208091484428,0.0174999590163934,0.0611125658379226,286.3498743568159,0.0162279841897233,0.0595267676553236,272.6110139642681,0.041911974522293,0.0960514841261942,436.3403139534889,0.0035273422562141,0.0095644711749123,368.7888728748838,,,,,,,,,,,,,,,,,,,,,,,,,,,,,,,,,,,,
llama3.1_8b_decode,llama3.1_8b_decode_b1_kv4096,0.3387118466711644,0.1642735417699976,0.1882557991229342,0.0014373683199999,0.1896931674429342,0.4064242791035968,0.1096425923813868,0.1096425923813868,0.0177124324324324,0.0677124324324324,False,0.00117243926499,0.0063567580636054,184.43981244192108,0.0010499794694916,0.0061650675525901,170.30768482332576,0.0367702189781021,0.1096425923813868,335.3574862625237,0.0444964968152866,0.0960698879752189,463.1585334441156,0.0035042449238578,0.009519607621401,368.10096039965606,0.0167873770491803,0.0609527187660092,275.4090851058616,0.0151862301587301,0.0595248219323536,255.1154649496639,0.0417950318471337,0.0960498280130374,435.1303664638584,0.0035115232632249,0.0095629968393981,367.19168628484994,,,,,,,,,,,,,,,,,,,,,,,,,,,,,,,,,,,,
llama3.1_8b_decode,llama3.1_8b_decode_b1_kv512,0.3340422367959126,0.1641133823685038,0.1883728746324554,0.001063288832,0.1894361634644553,0.3940422367959126,0.1097788656192974,0.1097788656192974,0.01,0.06,False,0.0005866912428233,0.0047941766019187,122.37580955789906,0.0005526988636363,0.0044507582982381,124.1778476563997,0.0378086131386861,0.1097788656192974,344.3994046529584,0.0430005732484076,0.0957918631195262,448.885098772845,0.0036924081115335,0.0095092069483226,388.2899742476494,0.0155542857142857,0.0596365017361111,260.811780045729,0.0161742063492063,0.0595900714208209,271.4180779082995,0.0430475159235668,0.0957728916824243,449.4653486052643,0.0036963897763578,0.0095856270592052,385.6096066735389,,,,,,,,,,,,,,,,,,,,,,,,,,,,,,,,,,,,
llama3.1_8b_decode,llama3.1_8b_decode_b4_kv1024,0.2273071712231552,0.1168386532001236,0.1355792050769035,0.0033315993310066,0.1389108044079101,0.3001282391169496,0.0828296502081902,0.0828296502081902,0.0177124324324324,0.0728210678937944,False,0.0011863995865999,0.0072668294224981,163.2623414727269,0.0008938310731132,0.0046089355300807,193.9299763728117,0.0297965591397849,0.0808714573357694,368.4362869317369,0.0301493406593406,0.082813720703125,364.0555721085415,0.0027047325361862,0.0094445247662149,286.3754046506635,0.0097002079722703,0.0260029292643793,373.0345470797113,0.0094665523156089,0.0257273694622373,367.9491258243533,0.0301774175824175,0.0828296502081902,364.3238302418994,0.0027636123348017,0.0094447268083307,292.60378627244154,,,,,,,,,,,,,,,,,,,,,,,,,,,,,,,,,,,,
llama3.1_8b_decode,llama3.1_8b_decode_b4_kv2048,0.2324377488301688,0.1182099673444998,0.1367828477291419,0.0035455088350066,0.1403283565641485,0.3093917176248641,0.0829978108274343,0.0829978108274343,0.0218453333333333,0.0769539687946953,False,0.0017816175387734,0.0107914274147294,165.0956328855681,0.0013598103591513,0.0059998371849762,226.63685638456937,0.0298272043010752,0.0808834609164986,368.76017128659817,0.0303048066298342,0.0829978108274343,365.1145198124016,0.0027025235997482,0.0094444610038742,286.1434813697921,0.0096730344827586,0.025865358549973,373.9689323143802,0.0095202068965517,0.0258998539365571,367.57008984503534,0.0303396685082872,0.0829229567722721,365.8707736382297,0.0027010950283196,0.0094444556263274,285.9925311150129,,,,,,,,,,,,,,,,,,,,,,,,,,,,,,,,,,,,
llama3.1_8b_decode,llama3.1_8b_decode_b4_kv4096,0.2291845075901079,0.1186987665048397,0.1374508137353804,0.0041201284830066,0.141570942218387,0.3217422859086127,0.0830859307557838,0.0830859307557838,0.0374491428571428,0.0925577783185048,False,0.0020320739055121,0.0069318295561539,293.15116435719534,0.0016193694894766,0.0066667042494633,242.89942487181008,0.0298511827956989,0.0808381242649529,369.2616493013753,0.0302871270718232,0.0830859307557838,364.5205062714383,0.002761718061674,0.0094448904393978,292.398001499972,0.0095230689655172,0.0258299286941002,368.67605031847336,0.0095217211703958,0.0258319900696536,368.5945765940015,0.0303354143646408,0.0829870942679558,365.5365725248161,0.0027670906801007,0.0094447238259111,292.97139277025127,,,,,,,,,,,,,,,,,,,,,,,,,,,,,,,,,,,,
llama3.1_8b_decode,llama3.1_8b_decode_b4_kv512,0.2250785639275915,0.1161762694509296,0.1349627747031201,0.0032183531230066,0.1381811278261268,0.2957910089127631,0.0826801073682177,0.0826801073682177,0.0156038095238095,0.0707124449851715,False,0.0007491065397313,0.0051355718656439,145.86623638601793,0.0006320123487903,0.004753368131576,132.95795639975003,0.0298233870967741,0.0808201681157594,369.0016915303254,0.0301853846153846,0.082675539792239,365.0977322490826,0.0027046821900566,0.0094444779047356,286.37138661597623,0.0097002768166089,0.0259677979360402,373.5418718228588,0.0094682705479452,0.0257215505103542,368.09928163716273,0.0302095054945054,0.0826801073682177,365.36552233976994,0.0027036438011327,0.0094444901962712,286.25908125658407,,,,,,,,,,,,,,,,,,,,,,,,,,,,,,,,,,,,
llama3.1_8b_decode,llama3.1_8b_decode_b8_kv1024,0.2261749669281811,0.1233750711202648,0.1415829767326483,0.0054506201013065,0.1470335968339549,0.3273423557182032,0.081121364284206,0.081121364284206,0.0218453333333333,0.101167388790022,False,0.0013931761737627,0.0074234466566099,187.67241662903348,0.0012497285407048,0.005266794341015,237.28022172157443,0.0310351351351351,0.081121364284206,382.5692866088482,0.0338747058823529,0.0804393486798128,421.1105998250307,0.0028161422278162,0.0094450256462889,298.15475671551167,0.0092762171628721,0.0260519510726795,356.0576711699797,0.0091126034482758,0.0258720618938577,352.2116058182212,0.0318018181818181,0.0804076756768048,395.4996711354386,0.0028155443675267,0.0094444855869454,298.10997261352736,,,,,,,,,,,,,,,,,,,,,,,,,,,,,,,,,,,,
llama3.1_8b_decode,llama3.1_8b_decode_b8_kv2048,0.2311429241587074,0.1228664509929175,0.1408293154124447,0.0060252397493065,0.1468545551617512,0.3479141224725389,0.0810681414860551,0.0810681414860551,0.0374491428571428,0.1167711983138315,False,0.0023904558150524,0.0115028366520887,207.8144624107468,0.0014440907375966,0.0059000818952632,244.7531774862248,0.0309817741935483,0.0810681414860551,382.1622338039903,0.0319170588235294,0.0804286495759525,396.82924366972907,0.0028174701069855,0.0094449964538919,298.29737336053734,0.0093777758318739,0.0263010172668563,356.54894964971845,0.0091596545768566,0.0259421972824913,353.072948757479,0.0319597326203208,0.0804054105218081,397.4749543603806,0.0028184382871536,0.0094451773617069,298.39437254305307,,,,,,,,,,,,,,,,,,,,,,,,,,,,,,,,,,,,
llama3.1_8b_decode,llama3.1_8b_decode_b8_kv4096,0.2294474084544991,0.1246363119746691,0.1426448683012107,0.0068137689013065,0.1494586372025173,0.3619966720330152,0.080993416078629,0.080993416078629,0.0532272081218274,0.1325492635785161,False,0.0036152167785426,0.0095133441572053,380.0153467384595,0.0017041455092555,0.0067176075811327,253.6783977647652,0.0311658602150537,0.080993416078629,384.78820133158894,0.0320427807486631,0.0804134201620989,398.4684129667158,0.0028187665198237,0.0094450210369631,298.434017048484,0.0092200518134715,0.0259170874824589,355.74119726619426,0.0091748793103448,0.0258862010035021,354.42019648531806,0.0320759893048128,0.0804197521515708,398.8497381392496,0.002818621774701,0.0094447544642857,298.42546778598006,,,,,,,,,,,,,,,,,,,,,,,,,,,,,,,,,,,,
llama3.1_8b_decode,llama3.1_8b_decode_b8_kv512,0.2241587518910039,0.1202009036030449,0.1384848924142208,0.0052367105973065,0.1437216030115274,0.321193239780125,0.0810865511507601,0.0810865511507601,0.0177124324324324,0.0970344878891211,False,0.0009926641976059,0.0054620794231531,181.73741549749755,0.0009294501898067,0.0049710250270901,186.96814396835745,0.0309335675675675,0.0810865511507601,381.4810184721175,0.0316825133689839,0.0804225721716243,393.9434713138846,0.0028177281308999,0.0094448259088361,298.33063800754775,0.0093084561403508,0.0263464848033168,353.30217189652467,0.0089893620689655,0.0258700393150592,347.4746227124285,0.03172935828877,0.0804196672898562,394.54012856839086,0.0028178036500943,0.0094448527965701,298.3369626970434,,,,,,,,,,,,,,,,,,,,,,,,,,,,,,,,,,,,
llama3.1_8b_prefill,llama3.1_8b_prefill_b16_s1024,19.84369080887773,16.27392089983022,17.76550447025563,4.500775963154811,22.266280433410444,63.47984273649767,6.747147216796875,22.55760134453781,22.55760134453781,43.636151927619935,True,1.1610766666666668,2.310043433603614,502.6211411338765,0.4421731578947369,0.8116360634251645,544.7799910641558,3.800613333333333,6.527466227213542,582.2362910854408,4.0007,6.747147216796875,592.9349834159892,0.2908474193548387,0.493520744077621,589.3184823607083,0.9999477777777778,1.7228831651475691,580.3780178114613,1.0666222222222224,1.7245147026909722,618.4907652479991,4.20244,6.746772054036458,622.8663741915342,0.3095003225806452,0.4940397791708669,626.4535312632145,,,,,,,,,,,,,,,,,,,,,,,,,,,,,,,,,,,,
llama3.1_8b_prefill,llama3.1_8b_prefill_b16_s2048,44.789626953125,33.99012233333333,36.60790346751912,12.888497329189622,49.49640079670874,177.41870609435566,12.9964453125,90.23040537815126,90.23040537815126,132.62907914123065,True,4.720985333333333,9.763759033203124,483.5212869632399,1.706176,3.05979541015625,557.5983139700231,7.800605000000001,12.9964453125,600.1993961524265,7.19924,12.043023681640625,597.7843338382759,0.5630937500000001,0.9811660766601562,573.8890950835236,2.040138,3.45608935546875,590.2912368644612,2.159988,3.464968505859375,623.3642741334127,7.200075000000001,12.0485693359375,597.5768775715527,0.5998212500000001,0.9812770080566406,611.2510820195711,,,,,,,,,,,,,,,,,,,,,,,,,,,,,,,,,,,,
llama3.1_8b_prefill,llama3.1_8b_prefill_b16_s4096,117.20254353841146,84.59496291666667,95.24676236735029,39.26524164080952,134.5120040081598,559.8024692878439,42.4324267578125,357.91394133333336,357.91394133333336,442.5999257494324,True,22.772815,42.4324267578125,536.6842469316737,7.198284999999999,11.838194580078126,608.0374869851222,14.39737,23.8187548828125,604.4384288923092,14.40065,24.1078564453125,597.3268610913582,1.12530375,1.9375779724121092,580.7659844500387,4.598836666666667,7.496140950520833,613.4800441960971,4.50238,7.4973779296875,600.504107052234,14.39844,24.1196484375,596.9447103626778,1.2008825,1.937208404541016,619.8901500482898,,,,,,,,,,,,,,,,,,,,,,,,,,,,,,,,,,,,
llama3.1_8b_prefill,llama3.1_8b_prefill_b16_s512,8.349851220807153,7.008264078595872,7.710453652527778,1.7905128529961107,9.500966505523888,24.548693374988208,3.03245703125,5.663195274261604,5.663195274261604,16.198842154181055,True,0.3071648367729831,0.6015822895901736,510.5948796834402,0.1365018181818182,0.2274702037464488,600.073070347041,1.920066,3.03245703125,633.1560605964404,1.699665,2.839976603190104,598.4613473111498,0.1475586885245901,0.2495974681416496,591.1721306800473,0.4745399999999999,0.8240300549958881,575.8646130805134,0.4737242105263158,0.8243350380345394,574.6582972061349,1.701505,2.838800659179688,599.3616571456248,0.1475385245901639,0.2496511790791495,590.9650386645486,,,,,,,,,,,,,,,,,,,,,,,,,,,,,,,,,,,,
llama3.1_8b_prefill,llama3.1_8b_prefill_b1_s1024,1.3231645949853237,1.0663513014513877,1.1600647681303948,0.2012127061712973,1.3612774743016922,4.080770932547113,0.434327880859375,1.3981013333333334,1.3981013333333334,2.757606337561789,True,0.0712045915709168,0.1486097734249619,479.1380131325648,0.032447074074074,0.0557199028862847,582.3132005466712,0.2571625714285714,0.4340975864955357,592.3840971461693,0.2571102857142857,0.4339851422991071,592.423862856002,0.0207363594470046,0.0346241725095406,598.8878690748592,0.0751065833333333,0.1254408264160156,598.7197564818817,0.0743687603305785,0.1249686249031508,595.0794674669366,0.2574082857142857,0.434327880859375,592.6462786476648,0.0208067898383371,0.0346555361846853,600.3695897373406,,,,,,,,,,,,,,,,,,,,,,,,,,,,,,,,,,,,
llama3.1_8b_prefill,llama3.1_8b_prefill_b1_s2048,2.922505316310525,2.245140686944634,2.409312164734738,0.6825538858495688,3.091866050584307,11.239840415594324,0.8393233235677083,5.663195274261604,5.663195274261604,8.317335099283797,True,0.2896599415204678,0.6137963412100809,471.91539289630174,0.1084805194805194,0.1964424272017045,552.2129995560975,0.4998744444444444,0.8370759412977431,597.1546182350369,0.4999555555555555,0.8389617919921875,595.9067306916564,0.0430677511961722,0.072079832816238,597.488214715059,0.1304224637681159,0.2181865482053895,597.7404008848872,0.1304542028985507,0.2176807348278985,599.2775601406714,0.5000994444444444,0.8393233235677083,595.8129089230287,0.0431263636363636,0.072107908988113,598.0692217593302,,,,,,,,,,,,,,,,,,,,,,,,,,,,,,,,,,,,
llama3.1_8b_prefill,llama3.1_8b_prefill_b1_s4096,7.649017248728918,5.650329515206705,6.296014672733368,2.232687452615568,8.528702125348936,35.48489356373087,2.6527749972873265,22.55760134453781,22.55760134453781,27.83587631500195,True,1.4368927777777778,2.6527749972873265,541.6564839638172,0.4570095238095238,0.7374254789806548,619.7213451078931,1.020016,1.661314697265625,613.9615128418213,1.0198390000000002,1.6522017822265624,617.2469411630723,0.0671610447761194,0.1125880454903218,596.5064861973564,0.2812078125,0.4726988983154296,594.8758557862841,0.281210625,0.4721125030517578,595.6246423344619,1.019794,1.652690673828125,617.0361093134063,0.0671987313432835,0.1126088429920709,596.7324601947251,,,,,,,,,,,,,,,,,,,,,,,,,,,,,,,,,,,,
llama3.1_8b_prefill,llama3.1_8b_prefill_b1_s512,0.6442588247626047,0.5319488109052263,0.5841551839367691,0.0730947754287026,0.6572499593654718,1.7150820787134318,0.2298104950875946,0.3569620425531914,0.3569620425531914,1.0708232539508271,True,0.0212701277619225,0.0427715729366356,497.2958977551134,0.0098244766708701,0.0189284335469538,519.0199412734665,0.1364071212121212,0.2298104950875946,593.5506136275083,0.1305523188405797,0.219833347486413,593.8461262297621,0.0132026099706744,0.022018001254353,599.6031613055962,0.0387849568965517,0.0648391250084186,598.1569703094704,0.038263409090909,0.0677671897194602,564.6113231301845,0.1304298550724637,0.2201420084635416,592.4625980461722,0.0132139353891336,0.022042659361807,599.450855701728,,,,,,,,,,,,,,,,,,,,,,,,,,,,,,,,,,,,
llama3.1_8b_prefill,llama3.1_8b_prefill_b4_s1024,5.049281158479675,4.000986477829221,4.363110660860809,0.972114551239568,5.335225212100377,15.990751403205415,1.6635228271484377,5.663195274261604,5.663195274261604,10.94147024472574,True,0.2955475052264808,0.5836066486212435,506.4155898921039,0.1232739726027397,0.2062411373608733,597.7031345015656,0.959791,1.6635228271484377,576.9500951795267,0.95988,1.6501461181640624,581.6799915546111,0.0716298507462686,0.11270263671875,635.550647651653,0.281200625,0.4727693557739257,594.7733328345123,0.281269375,0.4729950714111328,594.6413378432509,0.961159,1.6498974609375,582.5430886014083,0.0672351492537313,0.1126201208313899,596.9954618984884,,,,,,,,,,,,,,,,,,,,,,,,,,,,,,,,,,,,
llama3.1_8b_prefill,llama3.1_8b_prefill_b4_s2048,10.74565766558731,8.060868239766082,8.657682792763872,3.0510857543721106,11.708768547135982,43.83890589004457,3.03945654296875,22.55760134453781,22.55760134453781,33.09324822445726,True,1.1821232222222222,2.441534545898437,484.1722285716108,0.431662,0.764898681640625,564.3248858871555,1.800118,3.03945654296875,592.2348770651781,1.69972,2.848433024088542,596.7075692542937,0.1500225,0.2501824340820312,599.6382011698909,0.4737926315789473,0.8257223992598685,573.773884387491,0.4735310526315789,0.8256124717310855,573.5346351087417,1.699655,2.8466011555989583,597.0683401444269,0.1502438333333333,0.2501220092773437,600.6690146972439,,,,,,,,,,,,,,,,,,,,,,,,,,,,,,,,,,,,
llama3.1_8b_prefill,llama3.1_8b_prefill_b4_s4096,30.33434038628473,22.207932186379928,24.791934586912312,9.620376979986812,34.41231156689912,141.64329634751812,10.612170247395834,90.23040537815126,90.23040537815126,111.30895596123338,True,5.557013333333334,10.612170247395834,523.6453245458433,1.8016033333333328,2.950706787109375,610.5524974413945,4.002456666666667,6.544705810546875,611.5428556152226,4.199153333333333,6.764094645182292,620.7867410876513,0.2902945161290323,0.4952598522555443,586.1312221551578,0.9997122222222222,1.7317921278211803,577.2541720172405,1.0663555555555555,1.7308707682291666,616.0649030362104,4.00096,6.762567545572916,591.6212110189856,0.2903832258064516,0.495088875063004,586.5111451664413,,,,,,,,,,,,,,,,,,,,,,,,,,,,,,,,,,,,
llama3.1_8b_prefill,llama3.1_8b_prefill_b4_s512,2.3355292265533896,1.988512808519573,2.179896772520705,0.3475464367615687,2.527443209282273,6.387770384908916,0.8416880967881945,1.3981013333333334,1.3981013333333334,4.052241158355527,True,0.0761330555002488,0.1532510861766581,496.78640066855706,0.0310324583333333,0.0625601552327474,496.0297743575757,0.5000355555555556,0.839360826280382,595.7193679614973,0.5000855555555556,0.8416880967881945,594.1314179440121,0.0435125603864734,0.0725270854562952,599.9353089277221,0.1304473913043478,0.2192849864130434,594.8481889445443,0.1303962318840579,0.2193840756623641,594.3588698222464,0.5333566666666667,0.8416454399956598,633.6908839554732,0.0435133333333333,0.072514141285477,600.0536480264351,,,,,,,,,,,,,,,,,,,,,,,,,,,,,,,,,,,,
llama3.1_8b_prefill,llama3.1_8b_prefill_b8_s1024,9.106935281650657,7.405208074059021,8.074765286921851,2.2114196480041106,10.28618493492596,30.94512767735958,3.037144287109375,11.302545515789474,11.302545515789474,21.838192395708923,True,0.595855873015873,1.1588672698490203,514.1709396051045,0.2273329729729729,0.4088348553631756,556.0372735224286,1.800132,3.037144287109375,592.6905531527234,1.7023266666666663,2.847978108723958,597.7175862936036,0.1500886666666666,0.250136983235677,600.0120597329699,0.5054252631578947,0.8258174856085526,612.0148373144306,0.4736726315789473,0.8263973195929276,573.1649441668123,1.8001716666666667,2.8498740641276044,631.6508273395814,0.1502023333333333,0.2501990356445313,600.318236942305,,,,,,,,,,,,,,,,,,,,,,,,,,,,,,,,,,,,
llama3.1_8b_prefill,llama3.1_8b_prefill_b8_s2048,23.11381483289931,18.13295993548387,19.48331720713363,6.201583012370811,25.68490021950444,89.30756810505706,6.7605668131510415,45.11520268907563,45.11520268907563,66.19375327215775,True,2.289144,4.834808892144097,473.4714548323814,0.8620639999999999,1.527305908203125,564.4205591681565,3.999323333333333,6.534394124348959,612.0286955956923,4.200476666666667,6.7605668131510415,621.3058455498327,0.2905509677419354,0.4944770665322581,587.5774124838836,1.0000644444444444,1.726369357638889,579.267887819591,0.9999588888888888,1.7303697374131946,577.8692889176847,4.201126666666666,6.734098714192708,623.8449603887543,0.2902509677419355,0.4947713347404234,586.6216057014556,,,,,,,,,,,,,,,,,,,,,,,,,,,,,,,,,,,,
llama3.1_8b_prefill,llama3.1_8b_prefill_b8_s4096,59.137795817057295,42.465995541666665,47.75117462377421,19.657365787685624,67.40854041145984,281.2422141826472,21.181729736328126,179.70574460251046,179.70574460251046,222.10441836558985,True,11.143125,21.181729736328126,526.0724756056524,3.6014566666666665,5.922198893229167,608.1133588003369,7.79816,13.0024462890625,599.7326116620999,7.20375,12.084263916015624,596.1150146327466,0.59976125,0.9826053619384766,610.3627086738329,2.16046,3.464010986328125,623.6723466828255,2.159762,3.47258203125,621.9296638678461,7.19957,12.094827880859375,595.2456454391246,0.5999506250000001,0.982478485107422,610.6339977954652,,,,,,,,,,,,,,,,,,,,,,,,,,,,,,,,,,,,
llama3.1_8b_prefill,llama3.1_8b_prefill_b8_s512,4.6751595421649474,3.7977484708760527,4.176837269863075,0.7315963826635679,4.908433652526643,12.74963717929575,1.6635577392578125,2.796202666666667,2.796202666666667,8.074477637130801,True,0.1518642788553869,0.3024812367591103,502.0618154121358,0.0692413076923076,0.1159606464092548,597.0969561859507,0.959784,1.6635577392578125,576.9346712038151,0.959803,1.647636962890625,582.5156835324086,0.0671790298507462,0.1127081572119869,596.030986745989,0.2812671874999999,0.4726878356933593,595.0236699407994,0.2812465625,0.4728351211547851,594.7909049639723,0.960199,1.6472086181640626,582.9129065220691,0.0671641044776119,0.112747802734375,595.6893599815854,,,,,,,,,,,,,,,,,,,,,,,,,,,,,,,,,,,,
mobilenet_v3_small,mobilenet_v3_small_b1,0.0102777999760122,0.0015810454252191,0.0016438744523572,0.0015439908492456,0.0031878653016029,0.0658488727498027,0.0023348001158161,0.0205091680559081,0.0205091680559081,0.0555710727737905,True,,,,,,,,,,,,,,,,,,,,,,,,,,,,0.0002046851181402,0.0017898319697961,114.35489191039645,0.0003414174462579,0.0023348001158161,146.22216926865755,0.0003605982462565,0.0019069644622504,189.09061024686545,0.0003823424621409,0.0021061228121409,181.52897895340124,0.0002920021524234,0.0021400806160084,136.4386871679378,,,,,,,,,,,,,,,,,,,,,
mobilenet_v3_small,mobilenet_v3_small_b16,0.0309918911321532,0.0110934323623447,0.0122611069780465,0.0097291157672964,0.0219902227453429,0.2759221483041584,0.0113880431851052,0.1617574789220916,0.1617574789220916,0.2449302571720051,True,,,,,,,,,,,,,,,,,,,,,,,,,,,,0.0003253116688829,0.0031285209858671,103.97992373541534,0.0022789483274115,0.0062127607749684,366.8095998575338,0.003449449508452,0.006320569144975,545.7296346045204,0.0040273748103186,0.0113880431851052,353.6422428274318,0.0010123480472794,0.0039419970412372,256.80624441438493,,,,,,,,,,,,,,,,,,,,,
mobilenet_v3_small,mobilenet_v3_small_b4,0.0169906079473638,0.0036142713155814,0.003953065253325,0.0032913448108236,0.0072444100641487,0.1119463440988607,0.0049038724238887,0.0488927854329749,0.0488927854329749,0.0949557361514969,True,,,,,,,,,,,,,,,,,,,,,,,,,,,,0.0003162292480468,0.003055215626955,103.5008929601126,0.0006658829522521,0.0029401469112467,226.46933037259384,0.0009280789707932,0.0031485011132691,294.76034967138867,0.001233982258075,0.0049038724238887,251.61277653136835,0.0004700978864141,0.0029428718720041,159.73685563222566,,,,,,,,,,,,,,,,,,,,,
mobilenet_v3_small,mobilenet_v3_small_b8,0.0220298043945926,0.0061066270683988,0.006712861336372,0.0054537129414792,0.0121665742778513,0.170583566675207,0.0071003354032437,0.0871782719332675,0.0871782719332675,0.1485537622806144,True,,,,,,,,,,,,,,,,,,,,,,,,,,,,0.0003176279746338,0.0030667302997541,103.56901932464754,0.0012098436990069,0.0043730722662396,276.6518213301544,0.0017753819884673,0.0042584438837216,416.89670340238735,0.002158728807145,0.0071003354032437,304.02576293219096,0.0006450445991456,0.0032312225416334,199.62486088720772,,,,,,,,,,,,,,,,,,,,,
qwen3_235b_a22b_decode,qwen3_235b_a22b_decode_b16_kv1024,1.0638375414884234,2.109812020824856,2.324728801933344,0.0077379159586754,2.332466717892019,1.240630209587349,0.6504809239498645,0.6504809239498645,0.0532272081218274,0.1767926680989256,False,0.0032699521864177,0.0091646359700798,356.8010990391035,0.002266058972733,0.0079329047790669,285.6486765282716,,,,,,,0.0021021150817686,0.0072846440130981,288.5635895070932,0.0177801623376623,0.0488365232789671,364.0689121632384,0.0187588311688311,0.0488475135704139,384.0218649465501,,,,0.0020646023072252,0.0072776609697556,283.6861698722304,,,,,,,,,,,,,,,,0.6854243902439024,0.2926860232469512,292.72609575329653,1.377130840108401,0.6504809239498645,264.63260505589903,0.0010150684179141,0.0058890166930797,172.36050251834513,,,,,,,,,,,,
qwen3_235b_a22b_decode,qwen3_235b_a22b_decode_b16_kv2048,1.0717722217663683,2.1871332510328023,2.4017228894615745,0.0096169641506754,2.41133985361225,1.2952020626958478,0.6505523268123307,0.6505523268123307,0.0998643809523809,0.2234298409294791,False,0.004629190606863,0.0148509829622004,311.709374298354,0.0026338846229572,0.0077729907399356,338.8458814214792,,,,,,,0.0018915593016255,0.0072522888367323,260.81855052506006,0.0178590909090909,0.048851484818892,365.5733935684957,0.0182038762214983,0.0487718493930679,373.239541686923,,,,0.002127519125683,0.0072877989573846,291.9245769798565,,,,,,,,,,,,,,,,0.7862140540540541,0.2950813162238943,333.04495452903456,1.3525888346883468,0.6505523268123307,259.88790776701825,0.0009852415026833,0.0058912708160474,167.23465351547677,,,,,,,,,,,,
qwen3_235b_a22b_decode,qwen3_235b_a22b_decode_b16_kv4096,1.082232241311839,2.1139729461589507,2.3281488687133454,0.0134086149666754,2.341557483680021,1.3905688026105232,0.6506978319783198,0.6506978319783198,0.1847711013215859,0.3083365612986841,False,0.0083070367132867,0.0231836016357463,358.31519380829315,0.0043729318541996,0.0118900788756066,367.7746607338871,,,,,,,0.002129050455927,0.0072945306563449,291.86475402572586,0.0178853745928338,0.0490026378320948,364.97894405411137,0.0181306493506493,0.0487693093039772,371.7451292146279,,,,0.0021278154219793,0.0072887701834775,291.9261646515627,,,,,,,,,,,,,,,,0.6859925853658536,0.2928000666920731,292.85456504917425,1.374019295392954,0.6506978319783198,263.9465550721493,0.0010082070112669,0.005888714994021,171.20738726744054,,,,,,,,,,,,
qwen3_235b_a22b_decode,qwen3_235b_a22b_decode_b16_kv512,1.06027566930978,2.1683372542780788,2.3833553103360234,0.0069493868066754,2.3903046971426987,1.221290272144021,0.6503380489864865,0.6503380489864865,0.0374491428571428,0.161014602834241,False,0.0017970134006436,0.0062788188656588,286.20245926700954,0.0012815679480833,0.0051552921948256,248.58751904826187,,,,,,,0.0021354164133738,0.0072946327650075,292.73335806454446,0.0177836807817589,0.0489160991258652,363.54810470597965,0.0187655844155844,0.0488411009156858,384.2107080582397,,,,0.0021324520048602,0.0072931152937044,292.38805155927594,,,,,,,,,,,,,,,,0.7772524815724816,0.2948567068488943,329.4992103381427,1.346207135135135,0.6503380489864865,258.7471140896984,0.0009819226061576,0.0058896023723637,166.71861353369897,,,,,,,,,,,,
qwen3_235b_a22b_decode,qwen3_235b_a22b_decode_b1_kv1024,0.1922256471313679,0.161738170109231,0.1782146561802918,0.0015989247999999,0.1798135809802918,0.2734332661789869,0.0636348142462261,0.0636348142462261,0.0156038095238095,0.081207619047619,False,0.0008365523127402,0.0065549955050719,127.62057763319726,0.0006965160650672,0.0043365242441623,160.6126761734062,,,,,,,0.0019614774464831,0.0071703196301008,273.5494936986961,0.0197075087719298,0.0527565960800438,373.546964441482,0.0217831355932203,0.0636348142462261,342.30412133912915,,,,0.0020882946373929,0.0071732265421051,291.1179905759567,,,,,,,,,,,,,,,,0.0431730085261875,0.0182870665537454,295.10053399008217,0.0701836559139784,0.0402096623246387,218.17565665090385,0.0013080208422311,0.0064459881774792,202.9161218012995,,,,,,,,,,,,
qwen3_235b_a22b_decode,qwen3_235b_a22b_decode_b1_kv2048,0.1978825040306052,0.1804017344424408,0.196606922846692,0.0017121710079999,0.198319093854692,0.2811987459868472,0.0636071673894332,0.0636071673894332,0.0177124324324324,0.0833162419562419,False,0.0014890884576429,0.0103386983900115,144.0305540861494,0.0010364923601527,0.0057406057643443,180.55086071537863,,,,,,,0.0019358132645259,0.0071690311490213,270.0193072883945,0.0196117957746478,0.0527991152481294,371.4335914500065,0.0215391101694915,0.0636071673894332,338.62007630951985,,,,0.0019959550948592,0.0072976734530239,273.50060320644,,,,,,,,,,,,,,,,0.0457602923264311,0.0182843575146543,312.83208774954124,0.0856316531165311,0.0406554414909383,263.27944630498445,0.0014015338781581,0.0064571182330939,217.04480785049472,,,,,,,,,,,,
qwen3_235b_a22b_decode,qwen3_235b_a22b_decode_b1_kv4096,0.1951417046686833,0.1792383456211762,0.1957219005537432,0.0019260805119999,0.1976479810657432,0.2825908475258262,0.0640034906914893,0.0640034906914893,0.0218453333333333,0.0874491428571428,False,0.0014727071310926,0.0064086067186663,229.80145228807137,0.0011483176540384,0.0063625407790782,180.4776342661896,,,,,,,0.0020205740510267,0.0072927219792041,277.06173943313894,0.0199650530035335,0.052904553093253,377.37168363788834,0.0221470638297872,0.0640034906914893,346.0221665227911,,,,0.0021572326432129,0.0072957688518063,295.6776280268953,,,,,,,,,,,,,,,,0.0451925398773006,0.018339667010161,308.01868767932234,0.0838085636856368,0.040642920186526,257.75370664499616,0.0013262937455471,0.0064799261895091,204.6735506651308,,,,,,,,,,,,
qwen3_235b_a22b_decode,qwen3_235b_a22b_decode_b1_kv512,0.1908931872294946,0.1602579190373579,0.1767702543181465,0.001567991808,0.1783382461261465,0.2721008062771136,0.0635715600999735,0.0635715600999735,0.0156038095238095,0.081207619047619,False,0.0006309627120912,0.0048092630647629,131.19737963893402,0.0005369715778374,0.0045040791020071,119.21610025244864,,,,,,,0.0020538284590714,0.0071590338528119,286.8794353339145,0.0202967375886524,0.0533055688303413,380.7532372437381,0.0228414406779661,0.0635715600999735,359.2937323185433,,,,0.0020442962553386,0.0071510357999307,285.8680723450044,,,,,,,,,,,,,,,,0.0420869902912621,0.0182048656871017,288.9758000877256,0.0687330481283422,0.04015948453689,213.93051159727312,0.0010336433467962,0.0063383659084177,163.07378444472522,,,,,,,,,,,,
qwen3_235b_a22b_decode,qwen3_235b_a22b_decode_b4_kv1024,0.3498620226261104,0.5648758324435609,0.6143507828611366,0.0038272780891888,0.6181780609503255,0.4553947689859449,0.1625887616131756,0.1625887616131756,0.0218453333333333,0.1055327463598344,False,0.0015000998020211,0.0073289461964671,204.68151379584205,0.0012582250095151,0.0051615105745377,243.7665112565011,,,,,,,0.0018389785447761,0.006997616326631,262.7936399309074,0.0175575399361022,0.048014399616863,365.6651718493039,0.0180110410094637,0.0473815378856959,380.12123812630375,,,,0.0018371035447761,0.0069958729530448,262.5940205939424,,,,,,,,,,,,,,,,0.1941413267813267,0.0737186036355958,329.1870354833736,0.3278062702702702,0.1625887616131756,252.01641838699385,0.0009252475453093,0.005668263103775,163.22806885759834,,,,,,,,,,,,
qwen3_235b_a22b_decode,qwen3_235b_a22b_decode_b4_kv2048,0.3544458142670502,0.5688295236175959,0.6181153544262766,0.0044018977371888,0.6225172521634654,0.4755823701506941,0.1626302347984417,0.1626302347984417,0.0374491428571428,0.1211365558836439,False,0.002371291615036,0.011292604774146,209.98623988550503,0.0014447846195008,0.0057455929458467,251.4550556285209,,,,,,,0.0018376762007756,0.0069948096263949,262.7155979250113,0.018811054313099,0.0479757271178614,392.08839873537,0.0180057413249211,0.0473563190063091,380.2121646959827,,,,0.0018361611135957,0.0069908046551808,262.64974445864493,,,,,,,,,,,,,,,,0.1948104176904176,0.0737772093826781,330.0557574186838,0.3288446612466125,0.1626302347984417,252.750512978924,0.0008677354936372,0.0056681262417669,153.08774795733785,,,,,,,,,,,,
qwen3_235b_a22b_decode,qwen3_235b_a22b_decode_b4_kv4096,0.3537054286741716,0.5773054315782634,0.6266310418647276,0.0051904268891888,0.6318214687539164,0.4906200498225002,0.1626457962821815,0.1626457962821815,0.0532272081218274,0.1369146211483285,False,0.0033542542414396,0.0095080062943183,352.78208044981994,0.0019372280154364,0.006848173932097,282.8780288501931,,,,,,,0.0018410557130071,0.0069942656451022,263.21941230640266,0.0171006389776357,0.0479251595884085,356.8015949459717,0.0180067192429022,0.0473835557041108,380.0129297312028,,,,0.0018399718619558,0.0069877991878211,263.3083730874688,,,,,,,,,,,,,,,,0.1957625552825553,0.0737265097128378,331.9011210695902,0.336590569105691,0.1626457962821815,258.6789807978056,0.00087243913764,0.0056682271602174,153.91478267482756,,,,,,,,,,,,
qwen3_235b_a22b_decode,qwen3_235b_a22b_decode_b4_kv512,0.3475966300401727,0.559124163229449,0.6087116568510148,0.0036133685851888,0.6123250254362036,0.4489964754991063,0.1626135187922297,0.1626135187922297,0.0177124324324324,0.1013998454589335,False,0.0010834061091221,0.0053767640876273,201.4977952287701,0.0009976418455797,0.0048749936037996,204.63957433879037,,,,,,,0.0018505422629695,0.0069900375075047,264.7356334018343,0.0176044089456869,0.0479764603197384,366.9318773259918,0.0185390880503144,0.0473243838136301,391.7375201283524,,,,0.0018477377757901,0.0069906988809275,264.30951095110845,,,,,,,,,,,,,,,,0.1941613759213759,0.0737616011785933,329.0298898553936,0.3221716756756757,0.1626135187922297,247.64687711043368,0.0008682866429345,0.005668908244554,153.1638293248956,,,,,,,,,,,,
qwen3_235b_a22b_decode,qwen3_235b_a22b_decode_b8_kv1024,0.5879296562086866,1.1038557395957531,1.208459833873457,0.0057308749494278,1.2141907088228847,0.7258294137697354,0.3251822476773648,0.3251822476773648,0.0374491428571428,0.1378997575610488,False,0.0020240989309103,0.0078029019556036,259.4033530636285,0.0014310502283105,0.0055731040976398,256.7735793358001,,,,,,,0.0019414101431682,0.0070850570212606,274.0102401152972,0.017940129032258,0.0484574683404737,370.21787603856296,0.0182347936507936,0.0476933438740079,382.3276320858991,,,,0.0019400657900955,0.0070900874729197,273.6260145020443,,,,,,,,,,,,,,,,0.3919559705159705,0.1475113132486179,332.13538131086506,0.6674923243243244,0.3251822476773648,256.57970773601306,0.0008958969799218,0.0057092770149785,156.9166873612511,,,,,,,,,,,,
qwen3_235b_a22b_decode,qwen3_235b_a22b_decode_b8_kv2048,0.5933795301342986,1.1077782146754376,1.2121565620444008,0.0065194041014278,1.2186759661458286,0.747057352960032,0.3252297436060298,0.3252297436060298,0.0532272081218274,0.1536778228257333,False,0.0036258063925933,0.0121710425541248,297.90433945730643,0.0017565329423786,0.0066607043163637,263.71144718622776,,,,,,,0.0019345941835254,0.0070849399725123,273.0529560843144,0.017998129032258,0.0485019846270161,371.0727329058684,0.017623873015873,0.0476270771329365,370.0327493876845,,,,0.0019315083366377,0.0070843919260506,272.63904197455486,,,,,,,,,,,,,,,,0.3932273218673219,0.147481128589527,333.2809936625211,0.6687826558265583,0.3252297436060298,257.0378886029105,0.000897793078291,0.0057078493083005,157.288428120313,,,,,,,,,,,,
qwen3_235b_a22b_decode,qwen3_235b_a22b_decode_b8_kv4096,0.5967468251719468,1.1123562245400611,1.2166063667076652,0.0083984522934278,1.225004819001093,0.7970618208282336,0.3252907192157859,0.3252907192157859,0.0998643809523809,0.2003149956562869,False,0.0050631265136728,0.0138591134845432,365.3283104521511,0.0028449110364918,0.0085537175849104,332.5886896418802,,,,,,,0.0019424733116293,0.007101588073028,273.5223680970847,0.0173448397435897,0.0482124798114483,359.75242347300247,0.0176123809523809,0.047723896329365,369.0408915081807,,,,0.0019419149379164,0.0070982337503415,273.5691056151837,,,,,,,,,,,,,,,,0.3921415233415233,0.1473982887361793,332.5473904555635,0.672560216802168,0.3252907192157859,258.43941218147427,0.0009048379006885,0.0057086100097144,158.5016667734854,,,,,,,,,,,,
qwen3_235b_a22b_decode,qwen3_235b_a22b_decode_b8_kv512,0.58526667286649,1.1037802986105678,1.2085392736161666,0.0051562553014278,1.2136955289175946,0.7075626209037293,0.3252714526168699,0.3252714526168699,0.0218453333333333,0.1222959480372392,False,0.0013139683772846,0.0057171213924793,229.8304141334425,0.001050352090135,0.0048110601470226,218.31680750962903,,,,,,,0.0019503662552998,0.0070998118473933,274.7019832317342,0.017887064516129,0.0484819296559979,368.9360566442465,0.0183050955414012,0.0477870712766222,383.0489841680982,,,,0.0019456532026044,0.0070993664913073,274.0549722995568,,,,,,,,,,,,,,,,0.3933318918918919,0.1474900544187653,333.3492357657734,0.6670395663956639,0.3252714526168699,256.32811166557536,0.0009563403401577,0.0057079833587325,167.54143953715726,,,,,,,,,,,,
qwen3_235b_a22b_prefill,qwen3_235b_a22b_prefill_b16_s1024,15.039298323378588,15.241421533674345,16.409517052758925,7.312346969642256,23.72186402240118,108.11522066403262,4.611712510850695,45.11520268907563,45.11520268907563,93.07592234065405,True,2.314451111111111,4.611712510850695,501.8637015350678,0.926958,1.6218675537109375,571.5188122595332,,,,,,,0.1525605084745762,0.2542592607918432,600.004343933136,2.27976,3.696117919921875,616.7869696190899,2.039946,3.40897265625,598.3889489165197,,,,0.1527952542372881,0.254176811606197,601.1246826446027,,,,,,,,,,,,,,,,3.516203190184049,0.737679375958589,595.8090635271184,3.801243428571429,0.8599261300223214,552.5416873747348,0.0575040410958904,0.1030221766641695,558.1600247056059,,,,,,,,,,,,
qwen3_235b_a22b_prefill,qwen3_235b_a22b_prefill_b16_s2048,43.48509034882377,36.2481930840346,42.07166230049321,21.67031935291651,63.74198165340973,319.17048454737045,19.31946207682292,179.70574460251046,179.70574460251046,275.6853941985467,True,9.160475000000002,19.31946207682292,474.1578706267189,3.3274233333333334,6.1155167643229165,544.0839990864303,,,,,,,0.309746129032258,0.4897833448840726,632.4002399409919,4.39939,7.35687255859375,597.9816113686338,4.39965,7.470556640625,588.9187869016802,,,,0.2902367741935484,0.4898579652847782,592.4781731388524,,,,,,,,,,,,,,,,6.193782365591398,1.290343792002688,599.9994290729545,8.055216231884058,1.744370895606884,577.2170586207593,0.11227325,0.1879676208496093,597.2879375518627,,,,,,,,,,,,
qwen3_235b_a22b_prefill,qwen3_235b_a22b_prefill_b16_s4096,142.63332253629545,101.95300971373024,129.8139536566282,70.42151273642996,200.23546639305815,1050.2483063185748,84.85620361328125,715.8278826666667,715.8278826666667,907.6149837822792,True,43.35797,84.85620361328125,510.95816397345686,14.40251,23.6713525390625,608.4231442728674,,,,,,,0.60030375,0.9700178527832032,618.8480321247342,8.69822,14.672425537109374,592.8164928093597,8.098725,13.628125,594.2557245693871,,,,0.56234125,0.9704045104980468,579.4805284949663,,,,,,,,,,,,,,,,11.426040396039603,2.375318881497525,601.2769899600028,14.587414683544305,3.0578681269778483,596.29334458937,0.2194846341463414,0.3720288383669969,589.9536893492109,,,,,,,,,,,,
qwen3_235b_a22b_prefill,qwen3_235b_a22b_prefill_b16_s512,5.951492170259266,7.407016270912896,7.80374908854395,2.722308360587085,10.526057449131034,41.17038998743404,1.6692192925347222,11.302545515789474,11.302545515789474,35.21889781717478,True,0.5930870562770563,1.199902296190138,494.27945771934327,0.28253,0.4499923167509191,627.8404540875814,,,,,,,0.076304406779661,0.1275670248775159,598.137660617027,0.9994844444444444,1.6692192925347222,598.7600568023032,1.020214,1.6150372314453123,631.6821252694983,,,,0.0762897457627118,0.1276296014300847,597.7297834849744,,,,,,,,,,,,,,,,1.956096863406408,0.4073595923798482,600.2239745235918,2.374099348837209,0.5592244276889535,530.6568627762414,0.0289104054054054,0.0507570132693728,569.5719472652088,,,,,,,,,,,,
qwen3_235b_a22b_prefill,qwen3_235b_a22b_prefill_b1_s1024,1.2964921850047593,1.9093213557700128,1.9689457401183164,0.3586975340694359,2.327643274187752,7.107053089507195,0.2962374456893262,2.796202666666667,2.796202666666667,5.810560904502435,True,0.1359988213030548,0.2962374456893262,459.087206165291,0.0534229285714285,0.1074307250976562,497.2686029790387,,,,,,,0.0133724814264487,0.022324859029648,598.9815573239941,0.1453403225806451,0.2446065004410282,594.1617306180284,0.1352422535211267,0.214236768265845,631.2571052223589,,,,0.0133916666666666,0.0223336483183361,599.6081725483992,,,,,,,,,,,,,,,,0.5567361569910056,0.1963665966118152,354.3903591497193,0.8512733834586466,0.2257321465284304,471.3874321967557,0.0045433412509897,0.0118820023706576,382.3622451039192,,,,,,,,,,,,
qwen3_235b_a22b_prefill,qwen3_235b_a22b_prefill_b1_s2048,3.021954686826879,3.054786115251484,3.410315557856202,1.211930146938363,4.622245704794565,20.304470122089725,1.2213355491593567,11.302545515789474,11.302545515789474,17.282515435262848,True,0.5607851754385965,1.2213355491593567,459.15733462813233,0.2083707692307692,0.3846420522836538,541.7084257157453,,,,,,,0.0207841570438799,0.0346917823280528,599.098094769562,0.2815,0.4736235427856445,594.3428019815968,0.2909609090909091,0.4658920380563447,624.5091617489911,,,,0.0208001847575057,0.034719193174437,599.0859642431433,,,,,,,,,,,,,,,,0.8549501350135014,0.2161030321782178,494.5173842882933,0.8085462626262626,0.2424760692866161,416.8097737821799,0.0080885220500595,0.0178824030770448,452.3066232532671,,,,,,,,,,,,
qwen3_235b_a22b_prefill,qwen3_235b_a22b_prefill_b1_s4096,9.132615162159334,7.573501943771192,9.306450689270308,4.251471846785232,13.55792253605554,66.22016661072864,5.309599039713541,45.11520268907563,45.11520268907563,57.0875514485693,True,2.697466,5.309599039713541,508.0357254519789,0.8744090909090909,1.4745920632102272,592.9694139171968,,,,,,,0.0430877033492822,0.0718937135541268,599.3138014591784,0.5650476470588235,0.9070675838694852,622.9265591604207,0.4737421052631579,0.8169290964226974,579.8909615645869,,,,0.0431401913875598,0.0719103595058313,599.9056574636077,,,,,,,,,,,,,,,,1.4050716097560976,0.292645722179878,600.1416847279523,1.4546433291298866,0.3035410180879571,599.0184146400188,0.0168942669172932,0.0282406386755462,598.2128507838653,,,,,,,,,,,,
qwen3_235b_a22b_prefill,qwen3_235b_a22b_prefill_b1_s512,0.8006954521599843,1.3793867909980049,1.4268574150402262,0.107352554890564,1.5342099699307905,3.0573235979543534,0.2091174699205139,0.7078994092827005,0.7078994092827005,2.256628145794369,True,0.0370695783156525,0.0781118908166768,474.5702341613037,0.0172658848614072,0.0319907715884861,539.6982886759301,,,,,,,0.0073398226950354,0.0132568424306017,553.6385112305783,0.0865297297297297,0.1362051858987894,635.2767189793371,0.0856933035714285,0.1349535369873047,634.9400149237731,,,,0.0067178091872791,0.0132021782002263,508.8195435498948,,,,,,,,,,,,,,,,0.5447475630252101,0.2017579602153361,337.49320464634866,0.5911682229965156,0.2091174699205139,353.3635195014511,0.0028548766157461,0.008558636732877,333.55747573204724,,,,,,,,,,,,
qwen3_235b_a22b_prefill,qwen3_235b_a22b_prefill_b4_s1024,3.921460000473876,4.770973053745753,5.0576759340056014,1.7109986912012316,6.768674625206833,27.19635427575702,1.1596390351795014,11.302545515789474,11.302545515789474,23.274894275283145,True,0.58026,1.1596390351795014,500.379844414414,0.2194205405405405,0.408509521484375,537.1130215878939,,,,,,,0.0430437320574162,0.0720493035567434,597.4083385636739,0.5293370588235294,0.9083277803308824,582.740820670765,0.4736036842105263,0.820136140522204,577.4578581726499,,,,0.043054976076555,0.0720668956993869,597.4184905082336,,,,,,,,,,,,,,,,1.4063683516483516,0.2931647063873626,599.6361561959665,1.4589917780580075,0.3034414161018285,601.0060073635526,0.016892932330827,0.028241400467722,598.1489676771969,,,,,,,,,,,,
qwen3_235b_a22b_prefill,qwen3_235b_a22b_prefill_b4_s2048,10.988058014589392,9.798914897934129,11.383165942135175,5.262781516171085,16.64594745830626,80.01961300505033,5.160985785590277,45.11520268907563,45.11520268907563,69.03155499046093,True,2.4286864444444443,5.160985785590277,470.5857650733034,0.892283,1.5255350341796876,584.8858473318636,,,,,,,0.0762760169491525,0.1276066770391949,597.7273807227243,0.9997644444444443,1.6664435492621528,599.9256904933651,0.959904,1.6177967529296875,593.3263113030422,,,,0.0762372881355932,0.1276286186606197,597.3240876227452,,,,,,,,,,,,,,,,1.9547866441821249,0.407747483663575,599.2506668078347,2.382157395348837,0.5590609556686047,532.6129468426655,0.0288196644295302,0.0504884532954068,570.8003188138397,,,,,,,,,,,,
qwen3_235b_a22b_prefill,qwen3_235b_a22b_prefill_b4_s4096,35.95796131903232,26.641717445056628,33.59443827877982,17.500009395754255,51.09444767453408,263.6244255731212,21.21906209309896,179.70574460251046,179.70574460251046,227.66646425408888,True,11.115173333333331,21.21906209309896,523.8296247291864,3.598866666666667,5.919702962239583,607.932009472763,,,,,,,0.1526942372881355,0.2543311788268008,600.3625444547912,2.162484,3.703162841796875,583.9432511436083,2.039644,3.414501708984375,597.3343176464161,,,,0.1527813559322033,0.2543589239605403,600.6397585724619,,,,,,,,,,,,,,,,3.534382331288344,0.7376903398197853,598.8798779469837,3.824512,0.8604432198660714,555.5903189161589,0.0611795205479452,0.1033981532266695,591.6756572738669,,,,,,,,,,,,
qwen3_235b_a22b_prefill,qwen3_235b_a22b_prefill_b4_s512,1.8435062490366276,2.537088849580193,2.643905341062295,0.5505051833543628,3.194410524416658,10.61967883517667,0.4763797378540039,2.796202666666667,2.796202666666667,8.776172586140042,True,0.1466208930286153,0.3026216702491462,484.502292608138,0.0692987692307692,0.1158295522836538,598.2704396961583,,,,,,,0.021018691588785,0.0351020656122225,598.7753264106349,0.2998578125,0.4763797378540039,629.4316016369202,0.2812709375,0.4704232406616211,597.897343467661,,,,0.0224345327102803,0.0351095153238171,638.9748331068656,,,,,,,,,,,,,,,,0.8671982592928377,0.2176578967871713,498.0184542794512,0.8211316363636364,0.2426291627209596,423.029486432031,0.0082573173652694,0.0179649884800711,459.6176797078069,,,,,,,,,,,,
qwen3_235b_a22b_prefill,qwen3_235b_a22b_prefill_b8_s1024,7.423149010710638,8.088314771215309,8.677927420220252,3.561974466955085,12.239901887175336,53.89710265663376,2.309006569602273,22.55760134453781,22.55760134453781,46.47395364592312,True,1.1378548484848483,2.309006569602273,492.7897839116346,0.4601,0.8114827045641447,566.9763571110275,,,,,,,0.076259406779661,0.1277287783865201,597.0296678998894,1.0011633333333334,1.666576199001736,600.7181495968513,0.961067,1.618054931640625,593.9524187123568,,,,0.0763134745762711,0.1276780261023569,597.6837699182793,,,,,,,,,,,,,,,,1.9566753456998316,0.4079621956682124,599.5141549159665,2.3899270862470865,0.5595287459935897,533.9039381236325,0.028954276094276,0.0505376642400568,572.9098056494856,,,,,,,,,,,,
qwen3_235b_a22b_prefill,qwen3_235b_a22b_prefill_b8_s2048,21.77256099706945,18.44458900478249,21.45047996793459,10.731140937258257,32.181620905192844,159.96368602679914,9.897682861328123,90.23040537815126,90.23040537815126,138.19112502972968,True,4.755819333333333,9.897682861328123,480.4982539817578,1.665028,3.059064208984375,544.2798874318078,,,,,,,0.1525379661016949,0.2545087807865466,599.3294235990114,2.279306,3.7016025390625,615.7499909423666,2.0413,3.4142978515625,597.8559221641254,,,,0.1525271186440678,0.2544990151615466,599.3094165747038,,,,,,,,,,,,,,,,3.524507484662577,0.7376034077837423,597.2773976779578,3.816448,0.8596800362723215,554.9111489060034,0.0571151020408163,0.1026300920758928,556.4997046085284,,,,,,,,,,,,
qwen3_235b_a22b_prefill,qwen3_235b_a22b_prefill_b8_s4096,72.33079050553349,52.69050322400236,66.571520794367,35.17369653154051,101.7452173259075,526.2243814349031,42.41975830078125,357.91394133333336,357.91394133333336,453.8935909293696,True,21.842655,42.41975830078125,514.9170074266483,6.89916,11.841800537109377,582.5861109842114,,,,,,,0.2904096774193548,0.48985107421875,592.8371097485754,4.598823333333333,7.372554524739583,623.7633970221664,4.3998,7.470868326822917,588.9158875379829,,,,0.2902974193548387,0.4901260080645161,592.2780902716072,,,,,,,,,,,,,,,,6.160592085561498,1.292954232118984,595.5801000593814,8.096213333333333,1.744820114356884,580.0050008123633,0.112552375,0.1880344696044922,598.5590482438533,,,,,,,,,,,,
qwen3_235b_a22b_prefill,qwen3_235b_a22b_prefill_b8_s512,3.185213848872578,4.491521394274165,4.710025636422369,1.2900918961932315,6.000117532615601,20.82075788262785,0.909457146139706,5.663195274261604,5.663195274261604,17.635544033755274,True,0.2908901088180112,0.6022865418511081,482.9762722639792,0.136435909090909,0.2275110603101325,599.6768140593606,,,,,,,0.0433011057692307,0.0721137472299429,600.4449242845786,0.5293270588235294,0.909457146139706,582.0101536798385,0.4744073684210526,0.8214013671875,577.5473999292817,,,,0.0433257211538461,0.0721368936391977,600.5941622112631,,,,,,,,,,,,,,,,1.4044831219512195,0.2926115901295731,599.9659211721142,1.5524492929292928,0.3037988774463384,638.7531657288525,0.0169017073170731,0.0281472658082199,600.46311764105,,,,,,,,,,,,
qwen3_30b_a3b_decode,qwen3_30b_a3b_decode_b16_kv1024,0.2122159124869403,0.4119541921265024,0.4351840907838118,0.0058601938614278,0.4410442846452397,0.3501156700479891,0.0822151306086011,0.0822151306086011,0.0374491428571428,0.1378997575610488,False,0.0020968564652071,0.0079485938732966,263.8021892465266,0.0014081061692969,0.005672852060257,248.2145392391893,,,,,,,0.0013158435267788,0.005749231887743,228.8690120223099,0.0058017142857142,0.0158885388248181,365.14447486572897,0.0050607367387033,0.014748891294588,343.12066997689254,,,,0.0013143145099481,0.0057510609402962,228.5306472563914,,,,,,,,,,,,,,,,0.185928213425013,0.0808925343798978,287.30344405304965,0.2083364556918353,0.0822151306086011,316.7498352325136,0.0006919513140052,0.0048493714454814,142.6862871311495,,,,,,,,,,,,
qwen3_30b_a3b_decode,qwen3_30b_a3b_decode_b16_kv2048,0.2171865974550372,0.4114660306860424,0.4343527739587521,0.0066487230134278,0.4410014969721799,0.3708644202807706,0.0819198724658582,0.0819198724658582,0.0532272081218274,0.1536778228257333,False,0.0040748191044546,0.0124215157396248,328.045239395054,0.0017639220224319,0.0066933269069482,263.530347968292,,,,,,,0.0013153070296452,0.0057496823679498,228.7576807976124,0.0056854535864978,0.0156634894906217,362.9687099852456,0.0051794135188866,0.0147455355756088,351.2454026093467,,,,0.0013140263628393,0.0057482774206334,228.59131283976785,,,,,,,,,,,,,,,,0.1862992466757672,0.0808928635379274,287.8751803147042,0.2051399959336565,0.0819198724658582,313.01315316857705,0.0006938464518628,0.0048499937384479,143.0587808954689,,,,,,,,,,,,
qwen3_30b_a3b_decode,qwen3_30b_a3b_decode_b16_kv4096,0.2178642023519193,0.3823371553107892,0.4049055234133892,0.0085277712054278,0.413433294618817,0.4181791980082062,0.0812086766742642,0.0998643809523809,0.0998643809523809,0.2003149956562869,True,0.0056554001308084,0.0138746621665204,407.6063303692517,0.0030111821816105,0.0085697570138492,351.36768319767936,,,,,,,0.0013198251019344,0.0057484450676932,229.59258427181572,0.0056424555903866,0.0156839419756563,359.75407830610817,0.0050693805309734,0.0147471728179541,343.7461669444042,,,,0.0013163004735816,0.0057461514798768,229.0697638775057,,,,,,,,,,,,,,,,0.1664570876008919,0.0789357731907689,263.5912166407608,0.1931678579163959,0.0812086766742642,297.3263565142138,0.0006976657842061,0.0048442185129059,144.017659548024,,,,,,,,,,,,
qwen3_30b_a3b_decode,qwen3_30b_a3b_decode_b16_kv512,0.2100200361304977,0.4176675724528508,0.4412323955057035,0.0052855742134278,0.4465179697191313,0.332315984167737,0.08279774938976,0.08279774938976,0.0218453333333333,0.1222959480372392,False,0.0013344963473173,0.0058707882993543,227.3112705263268,0.0009870422720399,0.004942210930181,199.71330216477503,,,,,,,0.0013208865998344,0.0057483276528106,229.78201755828127,0.0058414117647058,0.0159309734813669,366.66374082581217,0.0050682907662082,0.0147447579314526,343.7291705120322,,,,0.0013185068518348,0.0057486462166952,229.355656441481,,,,,,,,,,,,,,,,0.1855171261487051,0.0808863411995209,286.68969177109136,0.2155877796753437,0.08279774938976,325.46551000390315,0.0006920320268612,0.0048472148988617,142.76644821158948,,,,,,,,,,,,
qwen3_30b_a3b_decode,qwen3_30b_a3b_decode_b1_kv1024,0.0884265568950596,0.0438373050081863,0.0557976152420681,0.001021978624,0.0568195938660681,0.1640303664188692,0.0403220136299849,0.0403220136299849,0.0156038095238095,0.0756038095238095,False,0.0009148515427271,0.0072130248880753,126.83327132831464,0.0005910482948992,0.0044501056114248,132.81400875629512,,,,,,,0.0010846518254262,0.0043463074250783,249.55166948505635,0.0106117158176943,0.0403220136299849,263.1691619348579,0.0071269254185692,0.0228432070936786,311.98868775700896,,,,0.0010826070601851,0.0043405864856861,249.4113412829397,,,,,,,,,,,,,,,,0.0101431664385091,0.0048553922392197,261.12804906423634,0.0116521910156557,0.0049186240172144,296.1177819262393,0.0006301475945201,0.0038241894154617,164.77661245738804,,,,,,,,,,,,
qwen3_30b_a3b_decode,qwen3_30b_a3b_decode_b1_kv2048,0.0944276931788381,0.0450839106007272,0.0572348562848444,0.001052911616,0.0582877679008444,0.1700315027026476,0.0414591819805334,0.0414591819805334,0.0156038095238095,0.0756038095238095,False,0.001340406239387,0.0103537062139032,129.46149057108948,0.0008382666350935,0.0059196470361339,141.60474081116047,,,,,,,0.0010687384259259,0.0043424648708767,246.1089979643993,0.0106021270718232,0.0414591819805334,255.71922540357392,0.0070331554878048,0.0228670073718559,307.5625740740277,,,,0.0010687326388888,0.0043414645724826,246.1640144838109,,,,,,,,,,,,,,,,0.0103802320115446,0.004930934949456,263.1359279433491,0.0121301271827587,0.0050959350950356,297.53815264539696,0.0006221249075003,0.0038012805319198,163.6588459116197,,,,,,,,,,,,
qwen3_30b_a3b_decode,qwen3_30b_a3b_decode_b1_kv4096,0.0913349443119543,0.0483538128327511,0.0606195552652864,0.0011661578239999,0.0617857130892864,0.1690473767443867,0.0414518105522703,0.0414518105522703,0.0177124324324324,0.0777124324324324,False,0.0011958404763591,0.0064861338262361,184.3687639502682,0.0010303701869506,0.0061950192410741,166.3194501358451,,,,,,,0.0012436321100469,0.0045838445494937,271.3027437948139,0.0105665193370165,0.0414518105522703,254.9038255641605,0.0073637697160883,0.023155640803677,318.00510801173016,,,,0.0012441360509367,0.0045754520526442,271.9107839466724,,,,,,,,,,,,,,,,0.0116256230734467,0.005059571847261,287.21409467701744,0.0134625321396487,0.0051651008066858,325.79909287448305,0.0006213897422572,0.0038216672347497,162.593453984374,,,,,,,,,,,,
qwen3_30b_a3b_decode,qwen3_30b_a3b_decode_b1_kv512,0.0853795373358898,0.0433748937958754,0.0552904604482465,0.000792078336,0.0560825387842465,0.1553795373358898,0.0398727457466429,0.0398727457466429,0.01,0.07,False,0.0005970822964084,0.0048176660947087,123.93600649581064,0.0005256053510918,0.004428899072739,118.6730436202724,,,,,,,0.0011214115661982,0.0043359716263043,258.6253247510246,0.0098541379310344,0.0398727457466429,247.13554346277277,0.0074110318664643,0.0227681193836542,325.4945927239382,,,,0.0011203635014836,0.0043488327049006,257.6200032281416,,,,,,,,,,,,,,,,0.0102953458826724,0.0048514870429872,265.2587582525481,0.0118630133385899,0.0049303280021837,300.7617180409084,0.000586902061932,0.003710291992974,158.17950945343233,,,,,,,,,,,,
qwen3_30b_a3b_decode,qwen3_30b_a3b_decode_b4_kv1024,0.1016851045920966,0.1170121645143313,0.1203089281370403,0.002423824384,0.1227327525210403,0.1867042036911957,0.0206793007881555,0.0206793007881555,0.0177124324324324,0.0850190990990991,False,0.0011948642672863,0.0073033321180043,163.60535820913168,0.0008413976513364,0.0046090266239718,182.54957960932737,,,,,,,0.0011469937738128,0.0055821119268945,205.4732930279424,0.0055042535787321,0.0153404201515369,358.80085896347686,0.00529615625,0.0156315231323242,338.8068189883789,,,,0.0011472133772787,0.0055850767364311,205.40380653278916,,,,,,,,,,,,,,,,0.046213921901528,0.0202236018763095,285.63879684380515,0.053584536867606,0.0206793007881555,323.8964072613559,0.0020828268467507,0.0178978999017941,116.37068737242892,,,,,,,,,,,,
qwen3_30b_a3b_decode,qwen3_30b_a3b_decode_b4_kv2048,0.1067168884689322,0.1183324744239221,0.1214117054589796,0.002637733888,0.1240494393469796,0.1958688884689322,0.0207016138879185,0.0218453333333333,0.0218453333333333,0.089152,True,0.001960974189526,0.0108502172700351,180.73132921877968,0.0012302842659137,0.0060223886854105,204.28168750715815,,,,,,,0.0011485694087881,0.0055847697089984,205.6554772951193,0.0055151688843398,0.0153531567857599,359.2145215593592,0.0052928779979144,0.0156444205084234,338.3180407732113,,,,0.0011444357629199,0.005585510478726,204.8903433341122,,,,,,,,,,,,,,,,0.0462316005066429,0.0202204503588229,285.79290477598903,0.0537254877606996,0.0207016138879185,324.39888627711565,0.0020830756471773,0.0179246409725616,116.21041159155554,,,,,,,,,,,,
qwen3_30b_a3b_decode,qwen3_30b_a3b_decode_b4_kv4096,0.1035307734655582,0.1186614252025369,0.1218676935155578,0.003212353536,0.1250800470515578,0.2082865829893677,0.0206606730285328,0.0374491428571428,0.0374491428571428,0.1047558095238095,True,0.0021266093563675,0.0070862674737819,300.10289115329664,0.0014152209051724,0.0067290437632593,210.3116880182904,,,,,,,0.0011465514357401,0.0055797651276891,205.48071739394013,0.0053043660531697,0.0152223851490605,348.4517684128347,0.0052877372262773,0.0156598899610596,337.65586982324027,,,,0.0011450124641887,0.0055851117075299,205.0085254994513,,,,,,,,,,,,,,,,0.0463608203987394,0.0202271657808365,286.4967093234434,0.0537868424496655,0.0206606730285328,325.41170263446503,0.002088264913216,0.0179453483090271,116.36617861497058,,,,,,,,,,,,
qwen3_30b_a3b_decode,qwen3_30b_a3b_decode_b4_kv512,0.0997007013500599,0.1164407209337756,0.1198282033399032,0.002310578176,0.1221387815159032,0.1826111775405361,0.0206829739987706,0.0206829739987706,0.0156038095238095,0.0829104761904761,False,0.0007401552924323,0.0051327770396419,144.20172291060138,0.0006458039314516,0.0047462647961032,136.0634356326139,,,,,,,0.0011551586858652,0.0055845099172852,206.8467835569787,0.0055049540347293,0.0153254127697267,359.1978162870212,0.0053123541666666,0.0156301930745442,339.8718567952638,,,,0.0011521747218811,0.0055841679187537,206.31704381446303,,,,,,,,,,,,,,,,0.0462607277078382,0.0202301183283617,285.8346416603679,0.0535849779624862,0.0206829739987706,323.8422191133306,0.0020844144304247,0.0179529613429114,116.10244715516032,,,,,,,,,,,,
qwen3_30b_a3b_decode,qwen3_30b_a3b_decode_b8_kv1024,0.1313331889270012,0.2172128513901841,0.2276053282010732,0.0038919375451888,0.2314972657462621,0.2368659352868357,0.0415109866075905,0.0415109866075905,0.0218453333333333,0.1055327463598344,False,0.0015853482465065,0.0075697892669357,209.43096176153807,0.0012987941029502,0.0052457176340221,247.58758360923352,,,,,,,0.0012047189451769,0.0056641179312585,212.68959736133385,0.0056760477178423,0.0155035881580653,366.10604827724217,0.0055927777777777,0.0163474873727702,342.1127752377117,,,,0.0012025079409337,0.0056576434791851,212.5405905745885,,,,,,,,,,,,,,,,0.0924634166060312,0.0404332094359302,285.8480377132522,0.1074882435736492,0.0415109866075905,323.66501375812754,0.0007009964793159,0.0047224104516868,148.4372999166608,,,,,,,,,,,,
qwen3_30b_a3b_decode,qwen3_30b_a3b_decode_b8_kv2048,0.1356544870573617,0.2181219837988279,0.2282683294721686,0.0044665571931888,0.2327348866653575,0.2567910429410057,0.0413826373480256,0.0413826373480256,0.0374491428571428,0.1211365558836439,False,0.0024421801149516,0.0115747339189515,210.99233313286248,0.0015625248207068,0.0058446505376785,267.33851356399754,,,,,,,0.001291801242236,0.0056515655144221,228.5705116710658,0.005023247156153,0.0153550049585541,327.1345398533787,0.0055980326086956,0.0163206362516983,342.9975882497717,,,,0.0012866706393506,0.0056633352639862,227.1895194896134,,,,,,,,,,,,,,,,0.0927373881389352,0.040454575138615,286.543612886233,0.1075222332560962,0.0413826373480256,324.77531234047115,0.0006579058217025,0.0047222489038383,139.31817643760826,,,,,,,,,,,,
qwen3_30b_a3b_decode,qwen3_30b_a3b_decode_b8_kv4096,0.1342269106454859,0.2176055568222993,0.2276675753446528,0.0052550863451888,0.2329226616898417,0.2711415317938144,0.0410156888276143,0.0532272081218274,0.0532272081218274,0.1369146211483285,True,0.0037048473030622,0.0095146938152306,389.3816632471846,0.0017802547189606,0.0068420688016528,260.1882687048693,,,,,,,0.0012121287408243,0.0056521164735966,214.4518335687416,0.0053470901639344,0.0153759490466508,347.74617516801425,0.0056115233949945,0.0163230363017716,343.7710720144663,,,,0.0012097350873487,0.0056617607215913,213.6641806532572,,,,,,,,,,,,,,,,0.0933007788287924,0.0404332061462459,288.4364765675409,0.1047781492948056,0.0410156888276143,319.31746070296174,0.0006610492895762,0.0047222677063195,139.98314781525133,,,,,,,,,,,,
qwen3_30b_a3b_decode,qwen3_30b_a3b_decode_b8_kv512,0.1288693100430368,0.2158952279672806,0.226311549625798,0.0036780280411888,0.2299895776669868,0.2302691555019704,0.0412959057551053,0.0412959057551053,0.0177124324324324,0.1013998454589335,False,0.0009952113844533,0.0055501900215009,179.31122729095935,0.0009271595900439,0.0049932676102308,185.67899476590324,,,,,,,0.001210786105344,0.0056556422209581,214.08100267186225,0.0057591200828157,0.0155352770566446,370.7039843071432,0.00559977124183,0.0163477519914215,342.5336133363264,,,,0.0012050541543502,0.005664384898234,212.73867635824277,,,,,,,,,,,,,,,,0.0924069313067615,0.0404246759950531,285.73372311980535,0.1071347782837513,0.0412959057551053,324.28428516202507,0.0006564158179303,0.0047222416130803,139.00254198467104,,,,,,,,,,,,
qwen3_30b_a3b_prefill,qwen3_30b_a3b_prefill_b16_s1024,5.330890544564976,5.139316477973503,5.824791760043947,3.578483247499085,9.403275007543034,51.80484419048809,2.3094040441031405,22.55760134453781,22.55760134453781,46.47395364592312,True,1.173688181818182,2.3094040441031405,508.22123777564656,0.45108,0.8114755088404605,555.8651579190085,,,,,,,0.0661695588235294,0.1104696924546185,598.970736238727,0.53349,0.8747100151909722,609.8896322876101,0.4500285,0.75566259765625,595.5254128423056,,,,0.0661833088235294,0.1104921138987821,598.9742622668907,,,,,,,,,,,,,,,,1.105155534576351,0.2362674307686256,584.6843459995035,1.2652591051995163,0.2904384021689842,544.5350836337765,0.0282622887323943,0.0529325458365426,533.9196613252266,,,,,,,,,,,,
qwen3_30b_a3b_prefill,qwen3_30b_a3b_prefill_b16_s2048,17.370340783068485,13.09357840956879,16.331393986885907,10.766339536426257,27.09773352331216,155.56146581279816,9.973507242838542,90.23040537815126,90.23040537815126,138.19112502972968,True,4.700068,9.973507242838542,471.2552851831411,1.731666,3.05789111328125,566.2802180528754,,,,,,,0.1304740579710145,0.2199514549365942,593.1762526106511,1.0673388888888888,1.7469510904947916,610.9597229931458,0.900398,1.50830908203125,596.9467831892276,,,,0.1306821739130435,0.219815673828125,594.4968348399854,,,,,,,,,,,,,,,,2.2585387084148727,0.47219869893591,597.865979677609,2.1148956929637523,0.5117315764925373,516.5922718977929,0.0595168874172185,0.0997519789942052,596.6362294180311,,,,,,,,,,,,
qwen3_30b_a3b_prefill,qwen3_30b_a3b_prefill_b16_s4096,62.72665066499428,41.95652366434379,56.28446841365489,35.295364901972505,91.5798333156274,516.620241594364,42.44025390625,357.91394133333336,357.91394133333336,453.8935909293696,True,22.43171,42.44025390625,528.5479688587956,6.9012400000000005,11.842886962890624,582.7092684411568,,,,,,,0.2499405555555555,0.418377922905816,597.3883090689932,2.159932,3.485097900390625,619.7510051737178,1.800298,3.07538720703125,585.3768646952988,,,,0.2499411111111111,0.4184843614366319,597.2411211100797,,,,,,,,,,,,,,,,3.516643902439024,0.7333564572217988,599.3959358390535,4.528518095238096,0.9541730220734128,593.2393910573402,0.1183,0.1954952091365665,605.1176287835674,,,,,,,,,,,,
qwen3_30b_a3b_prefill,qwen3_30b_a3b_prefill_b16_s512,2.1163415994688908,2.602535823145168,2.7445033973039967,1.298463726977232,4.042967124281229,19.751885633224163,0.600871494543709,5.663195274261604,5.663195274261604,17.635544033755274,True,0.3140519024390243,0.600871494543709,522.6606775172613,0.1364496969696969,0.2279343483664772,598.6204283772072,,,,,,,0.040894409090909,0.0683456587357954,598.3346598160964,0.30003375,0.4771866607666015,628.7422571765908,0.2571154285714285,0.4314459751674107,595.9255592598274,,,,0.0409014545454545,0.068321211381392,598.6524032532318,,,,,,,,,,,,,,,,0.681419582179713,0.1511125266446954,563.6580827308245,0.8159829764596356,0.1996023647644716,510.9951560999918,0.0156866228893058,0.0281882292155253,556.4835774951097,,,,,,,,,,,,
qwen3_30b_a3b_prefill,qwen3_30b_a3b_prefill_b1_s1024,0.5653958340358811,0.6927241503206134,0.7262705853293354,0.165791792522564,0.8920623778518995,3.512225903880883,0.1484512447923783,1.3981013333333334,1.3981013333333334,2.946830069845002,True,0.0706036372517095,0.1484512447923783,475.60151718804855,0.0300774169741697,0.0554855966040129,542.0641856027078,,,,,,,0.0073165939597315,0.0125942337752988,580.9371494411363,0.0431516746411483,0.0719019197162828,600.1360057630576,0.0391980434782608,0.065904928456182,594.7488824600459,,,,0.0073212846347607,0.0125948017930704,581.2783926508628,,,,,,,,,,,,,,,,0.2750822897051026,0.1097432842380523,313.31910380746893,0.2171167527049006,0.1061205455601177,255.73549343336376,0.0028564569708294,0.0077883146688547,366.7558360221959,,,,,,,,,,,,
qwen3_30b_a3b_prefill,qwen3_30b_a3b_prefill_b1_s2048,1.3036244101542562,1.2808921062264953,1.469049047846814,0.6010066704534359,2.07005571830025,9.981177922251629,0.6137196475023414,5.663195274261604,5.663195274261604,8.677553512097372,True,0.2869876023391813,0.6137196475023414,467.6200338495541,0.1069518181818181,0.1966179230925324,543.9462388925838,,,,,,,0.0123288703465982,0.0192766354601251,639.5612204858987,0.0756198319327731,0.1263548265986082,598.460968197744,0.0682649242424242,0.1137175218986742,600.2885545150748,,,,0.0115817352185089,0.0193104125662757,599.7562521878853,,,,,,,,,,,,,,,,0.4090725808951953,0.1240480531606225,412.2048793716496,0.3052499476526473,0.1168914578402943,326.4187986797948,0.0048347954173486,0.012274980061183,393.86145018360975,,,,,,,,,,,,
qwen3_30b_a3b_prefill,qwen3_30b_a3b_prefill_b1_s4096,4.134730561916659,3.161774718159901,4.047307303025478,2.0559289693383627,6.103236272363841,32.67230182592785,2.65338141547309,22.55760134453781,22.55760134453781,28.53757126401119,True,1.436045,2.65338141547309,541.2131824040673,0.4573990476190476,0.7381584240141369,619.6376198994745,,,,,,,0.0201387472035794,0.0335930126625419,599.4800742916965,0.1391207246376811,0.2185327502264492,636.6006216206853,0.147565737704918,0.2466934154072746,598.1520596864511,,,,0.020147673378076,0.0336072787769155,599.4920031350767,,,,,,,,,,,,,,,,0.4441176818450621,0.1109268666723647,500.452462099498,0.4875028067361668,0.1509520676772692,403.68248382466527,0.0097372990353697,0.0160856224460744,605.3233142130379,,,,,,,,,,,,
qwen3_30b_a3b_prefill,qwen3_30b_a3b_prefill_b1_s512,0.3678118529058494,0.5389845633664737,0.5688622234051941,0.055276404421282,0.6241386278264761,1.5309429229119886,0.1168435465249255,0.3569620425531914,0.3569620425531914,1.1631310700061392,True,0.0212976276577883,0.0426665728244046,499.1642461052425,0.0092266373902133,0.0188334703624921,489.8954763642712,,,,,,,0.0048635965378079,0.0099529389516721,488.6376049193359,0.0207848267898383,0.0346769703783559,599.3693153327512,0.0214983293556085,0.0357162847040945,601.8849968135238,,,,0.0047572753077249,0.0098791260063547,481.532718419799,,,,,,,,,,,,,,,,0.2130852585541549,0.1123051214567205,237.1684279347584,0.241588071555097,0.1168435465249255,258.44295970513343,0.0018829402182402,0.006769886654856,278.12833913830025,,,,,,,,,,,,
qwen3_30b_a3b_prefill,qwen3_30b_a3b_prefill_b4_s1024,1.5335435971417295,1.689939498682754,1.8542469074505916,0.795356067962363,2.649602975412954,13.176708790876708,0.5835835275683253,5.663195274261604,5.663195274261604,11.643165193734978,True,0.2964871533101045,0.5835835275683253,508.04578831329707,0.1232550684931506,0.2066332004494863,596.4670489652718,,,,,,,0.0201803363228699,0.0337108937079596,598.6102540493432,0.1305827536231884,0.2185803576483242,597.4015655663035,0.1475391803278688,0.247703857421875,595.6150541514618,,,,0.0202188764044943,0.0337215068688553,599.5730119872591,,,,,,,,,,,,,,,,0.4489556475458308,0.1109580790622921,505.7589834263033,0.4935712,0.1500223999023437,411.2402232572359,0.0091492826552462,0.0160621750890825,569.6054809542421,,,,,,,,,,,,
qwen3_30b_a3b_prefill,qwen3_30b_a3b_prefill_b4_s2048,4.49076845891214,3.8303030003822265,4.610375783706012,2.559036628353231,7.169412412059243,39.02071856294363,2.440248263888889,22.55760134453781,22.55760134453781,34.529950104031485,True,1.2190154444444443,2.440248263888889,499.5456661043852,0.464906,0.763504150390625,608.8991745749063,,,,,,,0.0409005454545454,0.0682520530007102,599.2448885599835,0.299913125,0.4773681640625,628.2510015065046,0.2571162857142857,0.43074267578125,596.9005982622074,,,,0.040902909090909,0.0682631225585937,599.1834491209311,,,,,,,,,,,,,,,,0.6782542159577146,0.1511158818116033,561.02493920482,0.8136784146828036,0.1996450138815002,509.4427217292976,0.0156160600375234,0.0281443090957727,554.8459534503407,,,,,,,,,,,,
qwen3_30b_a3b_prefill,qwen3_30b_a3b_prefill_b4_s4096,15.777552782005504,10.77852820654234,14.356145602443329,8.698084264331085,23.054229866774413,129.92431046154206,10.611205078125,90.23040537815126,90.23040537815126,114.14675767953656,True,5.5485153333333335,10.611205078125,522.8921024975381,1.6996233333333333,2.955432942708333,575.0728866670435,,,,,,,0.0661798529411764,0.1103090981876148,599.9363329557766,0.5332888888888888,0.8761366780598958,608.6699681614921,0.450699,0.7551205444335938,596.8448325326957,,,,0.0661693382352941,0.1103750251321231,599.4835036659215,,,,,,,,,,,,,,,,1.1130894500826056,0.2361326742093462,589.217345302894,1.2726190799031476,0.290786026407385,547.0432158939698,0.0283439298245614,0.0527388380619517,537.4281693435562,,,,,,,,,,,,
qwen3_30b_a3b_prefill,qwen3_30b_a3b_prefill_b4_s512,0.7106527181167449,1.0094906584233283,1.0377925287586254,0.2659992213654359,1.3037917501240617,5.123112289285848,0.1531666942423644,1.3981013333333334,1.3981013333333334,4.412459571169102,True,0.0764547575908412,0.1531666942423644,499.1604602359732,0.0331960165975103,0.062460496831237,531.4619863716473,,,,,,,0.0116692875647668,0.0194444504179485,600.1233311431708,0.0756763025210084,0.1269537712545956,596.0820017332214,0.0686845038167938,0.1146486890953005,599.0710134484219,,,,0.0116728274967574,0.0194726277510943,599.4361327879968,,,,,,,,,,,,,,,,0.4183961812361335,0.1240887652338113,421.4617217755172,0.3087663489464554,0.1170874224734664,329.62568668559766,0.0049744326530612,0.0122468789859693,406.161295982693,,,,,,,,,,,,
qwen3_30b_a3b_prefill,qwen3_30b_a3b_prefill_b8_s1024,2.8567255447322366,2.9542829480548467,3.2894346935051484,1.719370521985231,5.00880521549038,26.13161982001538,1.160140642438616,11.302545515789474,11.302545515789474,23.274894275283145,True,0.5992579365079365,1.160140642438616,516.539042411527,0.2297005405405405,0.4087233094911318,561.9795571806171,,,,,,,0.040945909090909,0.0683395274769176,599.1420177253331,0.2814075,0.4774490737915039,589.3874976574338,0.2572562857142857,0.4312279575892857,596.5531943512589,,,,0.0409028181818181,0.0683841441761363,598.1223829892142,,,,,,,,,,,,,,,,0.6774723094184536,0.1512572975957477,559.8575540614053,0.8117121957707142,0.1995938414350312,508.3434574083022,0.0156274528301886,0.0283334223909198,551.545906051932,,,,,,,,,,,,
qwen3_30b_a3b_prefill,qwen3_30b_a3b_prefill_b8_s2048,8.765933559071229,6.815707900079827,8.447850032440506,5.279290296715086,13.727140329155592,77.79748854953216,5.028517550998264,45.11520268907563,45.11520268907563,69.03155499046093,True,2.4292386666666665,5.028517550998264,483.0924108407284,0.87074,1.5266575927734376,570.34529647748,,,,,,,0.066172794117647,0.1104367334702435,599.1715210818708,0.5336466666666666,0.8746652560763889,610.0981464853187,0.4499685,0.7563117065429688,594.937672958035,,,,0.0661681617647058,0.1104625028722426,598.9972762625864,,,,,,,,,,,,,,,,1.1055306427503735,0.2361581043240107,585.1516527804038,1.266095108958838,0.2906863366374092,544.43054475034,0.0281473591549295,0.05293701171875,531.7021150731874,,,,,,,,,,,,
qwen3_30b_a3b_prefill,qwen3_30b_a3b_prefill_b8_s4096,31.450382939801727,21.46993235930044,28.6129992599917,17.535207994922256,46.14820725491396,259.11684719389064,21.18055582682292,179.70574460251046,179.70574460251046,227.66646425408888,True,11.26064,21.18055582682292,531.6498817155496,3.60002,5.919792887369792,608.1198374987094,,,,,,,0.1304052173913043,0.2198537456125452,593.1332983770254,1.0009322222222223,1.755298800998264,570.2226431127931,0.8998120000000001,1.510003173828125,595.8876871571543,,,,0.1304292753623188,0.2199457406306612,592.9871405388772,,,,,,,,,,,,,,,,2.259129725490196,0.4729250153186274,597.0996726305943,2.128517185501066,0.511734408315565,519.9173622647464,0.0600467333333333,0.1000728271484375,600.0185918211672,,,,,,,,,,,,
qwen3_30b_a3b_prefill,qwen3_30b_a3b_prefill_b8_s512,1.1634273439834355,1.4930223541489305,1.5602773175230462,0.5548378993863629,2.115115216909409,9.939599930123478,0.3028489260438172,2.796202666666667,2.796202666666667,8.776172586140042,True,0.1534632072210486,0.3028489260438172,506.7318851870224,0.0692166153846153,0.1157123084435096,598.1674977263415,,,,,,,0.0202705855855855,0.0338342532596072,599.1016780341218,0.1304202898550724,0.2191299394248188,595.1624313522154,0.1475201639344262,0.2485182665215164,593.5868628975873,,,,0.0202805405405405,0.0338239955042933,599.5791902104107,,,,,,,,,,,,,,,,0.4474876204595997,0.1112004895842985,503.0105073448926,0.495150279776179,0.1499512304219124,412.7519819370887,0.0092130513918629,0.0160661835435626,573.4336874938795,,,,,,,,,,,,
replknet_31b,replknet31b_b1,0.1287524997017629,0.0365924297894044,0.0520454268450604,0.0026204260993439,0.0546658529444043,0.1983418471320156,0.1180381085679742,0.1180381085679742,0.0303420716448442,0.0695893474302527,False,,,,,,,,,,,,,,,,,,,,,,,,,,,,,,,,,,,,,,,,,,,,,,,,,,,,0.0335415553809897,0.1180381085679742,284.14569699366854,0.0007076888545866,0.002969991776251,238.25792060767776,0.0012175144627391,0.0042825679983413,284.28526064635633,0.0011256710910887,0.0034618313591962,325.1415451725817
replknet_31b,replknet31b_b16,0.9566392042597262,0.4808527542030881,0.6015155048321725,0.0239516437522296,0.6254671485844022,1.5249076570409803,0.909508415670956,0.909508415670956,0.2769313678256661,0.5682684527812543,False,,,,,,,,,,,,,,,,,,,,,,,,,,,,,,,,,,,,,,,,,,,,,,,,,,,,0.4542917647058824,0.909508415670956,499.4792309825976,0.0073507505070993,0.0152310644927421,482.6012679928749,0.0107794497607655,0.0179620565752093,600.1083325982421,0.0084307892293407,0.0139376675208188,604.8832173654209
replknet_31b,replknet31b_b4,0.2880463735084858,0.1177624202529907,0.1529789711404213,0.0068936347385729,0.1598726058789943,0.458103477069287,0.2676590983072917,0.2676590983072917,0.0783268638308554,0.1700571035608012,False,,,,,,,,,,,,,,,,,,,,,,,,,,,,,,,,,,,,,,,,,,,,,,,,,,,,0.1087119298245614,0.2676590983072917,406.145058643318,0.0024086312071917,0.0066290081363834,363.3343890662978,0.0029982825598037,0.0068189942437853,439.6808976317549,0.0036435766614338,0.0069392728210253,525.0575164654583
replknet_31b,replknet31b_b8,0.5135562928002935,0.2505459016933326,0.3143208119072119,0.0124858451406866,0.3268066570478986,0.8158785629397984,0.4826941299438476,0.4826941299438476,0.145668542477794,0.3023222701395049,False,,,,,,,,,,,,,,,,,,,,,,,,,,,,,,,,,,,,,,,,,,,,,,,,,,,,0.2340728125,0.4826941299438476,484.9198671746684,0.003942872276029,0.0094628691961921,416.6539385154071,0.005952689802336,0.010540091659395,564.7568604967947,0.0065775271149674,0.0108592020008586,605.7002335112659
vit,vit_b16_s197_b1,0.0471821087636676,0.0206090571987405,0.0212021797880343,0.008013600948113,0.0292157807361473,0.1936043021336259,0.0096480575512459,0.0398672419341301,0.0398672419341301,0.1464221933699582,True,0.0017156653570286,0.0062469501520705,274.64047499402324,0.0011228931559683,0.0047587838402406,235.95253836293725,0.0040699421221864,0.0096480575512459,421.83166651035873,0.0043744266195697,0.0092030878282468,475.31353975000417,0.0023106046579477,0.0084167950646941,274.5102570856307,0.002400422722523,0.0089078569634184,269.4668511231421,0.002306955362942,0.0084050545972999,274.4569139802338,,,,0.0023081472005745,0.0084173724284451,274.2016465906215,,,,,,,,,,,,,,,,,,,,,,,,,,,,,,,,,,,,
vit,vit_b16_s197_b16,0.2025520986368572,0.1365677935554525,0.146557806938938,0.0683602059619634,0.2149180129009014,1.3862940756139075,0.0568715267541273,0.4113155046844193,0.4113155046844193,1.1837419769770503,True,0.022330145717522,0.0403735537059662,553.0884370533421,0.0095380508474576,0.0211911838337526,450.0854071826938,0.0362090188679245,0.0568715267541273,636.6644833184503,0.0320944642857142,0.0536736275809151,597.9431259591457,0.0091173353596757,0.0152145258972106,599.2398357361134,0.0090380541624874,0.0152197045237274,593.8264667926398,0.0091158257345491,0.0152052920881617,599.5042209626087,,,,0.0091248985801217,0.0152225022383684,599.4104919352378,,,,,,,,,,,,,,,,,,,,,,,,,,,,,,,,,,,,
vit,vit_b16_s197_b4,0.074000518285438,0.0451491249469437,0.0491280113683718,0.0205884194602351,0.069716430828607,0.4364976671778523,0.0221952648275702,0.1133732005118322,0.1133732005118322,0.3624971488924143,True,0.004844654127783,0.0114379700376821,423.55891052542256,0.0034471841164721,0.0098619167328281,349.5378476476859,0.0130481360946745,0.0221952648275702,587.8671061596503,0.0092016462167689,0.0153582688782112,599.1190059657727,0.0036349854962794,0.0075705566098341,480.1313684583199,0.0036907323232323,0.0075748340336963,487.22144071062377,0.0036495252525252,0.0075722637754498,481.9304720406309,,,,0.0036322613192079,0.0075713454713315,479.7243567334621,,,,,,,,,,,,,,,,,,,,,,,,,,,,,,,,,,,,
vit,vit_b16_s197_b8,0.1137722660481889,0.0743715181722272,0.0804648073273851,0.0358661665880886,0.1163309739154737,0.734210599962904,0.0338540264507671,0.2117359515745428,0.2117359515745428,0.6204383339147151,True,0.0097581925124426,0.018286472334154,533.6290310196706,0.0048144611528822,0.0125384842722039,383.96736711584657,0.0202665315315315,0.0338540264507671,598.6268316721147,0.0163430127041742,0.0273900702557849,596.6638110071306,0.0057916594516594,0.0108271082758387,534.9114434298316,0.0058139407086044,0.0108539652462377,535.63712958668,0.0057850288600288,0.010826411611934,534.329797807,,,,0.0057986912509038,0.010849247489041,534.4581505991969,,,,,,,,,,,,,,,,,,,,,,,,,,,,,,,,,,,,
vit,vit_h14_s257_b1,0.0758614512794249,0.0460915175755202,0.0496987138413976,0.0126821483012111,0.0623808621426088,0.2988232218762431,0.0215573769054193,0.0653806951552804,0.0653806951552804,0.2229617705968182,True,0.0033901964665601,0.0096368917308886,351.7935617864948,0.002833926345609,0.0085037506362871,333.24887712915734,0.012464047306176,0.0197222266779935,631.9654781540107,0.0118168103448275,0.0215573769054193,548.1439105681733,0.0039030490344358,0.0082207757073479,474.7679842205371,0.0038649717173819,0.00822002491456,470.1746753634479,0.0039186895263961,0.0082168712370839,476.8957439501184,,,,0.0038998268341334,0.008221180414276,474.3530790440138,,,,,,,,,,,,,,,,,,,,,,,,,,,,,,,,,,,,
vit,vit_h14_s257_b16,0.5724280058497767,0.3911116452544882,0.4281011818499409,0.1533470994460267,0.5814482812959677,3.08731001005773,0.185165081259645,0.8846627810163439,0.8846627810163439,2.514882004207954,True,0.0512721637294637,0.0904288744672797,566.9888520841396,0.024568220338983,0.0424304992330949,579.0097362142584,0.1110914814814814,0.185165081259645,599.9425619603363,0.1000854444444444,0.1674754503038194,597.5990090258992,0.0260531213872832,0.0434426262475162,599.694620487894,0.0260203757225433,0.04345873176707,598.723854003527,0.0260034104046242,0.0434693688188674,598.1867862248465,,,,0.0260174277456647,0.0434603158586976,598.6338914201231,,,,,,,,,,,,,,,,,,,,,,,,,,,,,,,,,,,,
vit,vit_h14_s257_b4,0.176380043224309,0.1203033424776792,0.1308383856897877,0.0390518851433667,0.1698902708331544,0.8532665040083003,0.0552906260770909,0.2292200307611559,0.2292200307611559,0.6768864607839912,True,0.0149453951774096,0.0296362848415503,504.2938160877718,0.0077712074303405,0.0154896216299019,501.6923743574199,0.0330754044117647,0.0552906260770909,598.1959934107447,0.0264746764705882,0.0441295094209558,599.9177733574272,0.009543605514316,0.0159199286063427,599.4623198834578,0.0094883911671924,0.0159124390033517,596.2745446157641,0.0094626050420168,0.0159129654058889,594.6343600265777,,,,0.0095420572640509,0.0159215622514581,599.3042688790144,,,,,,,,,,,,,,,,,,,,,,,,,,,,,,,,,,,,
vit,vit_h14_s257_b8,0.309490343660414,0.2108542058452561,0.2297348637858752,0.0747491233929285,0.3044839871788037,1.6042363369266277,0.0971349703881048,0.4467002735683478,0.4467002735683478,1.2947459932662135,True,0.0281526542892285,0.0507781809025997,554.4242386947575,0.0156726519337016,0.0276661909746201,566.4779705811391,0.058040193548387,0.0971349703881048,597.5073322180408,0.0514181714285714,0.0858916713169642,598.6263877798935,0.014394912,0.024009732421875,599.5311156417024,0.0144009439999999,0.023998380859375,600.0652209541629,0.0143758466453674,0.024009510564347,598.7422624606418,,,,0.014398832,0.02402094921875,599.4143195146014,,,,,,,,,,,,,,,,,,,,,,,,,,,,,,,,,,,,
vit,vit_l16_s197_b1,0.0566117309273766,0.0316274109682373,0.0331462288565998,0.0093586847984457,0.0425049136550456,0.2215798652672199,0.0135000182227265,0.0459891718705103,0.0459891718705103,0.1649681343398433,True,0.0023059239212751,0.0069663950771928,331.0067683104052,0.0015430131807841,0.0062729636301688,245.9730197206518,0.0068904946043165,0.0135000182227265,510.3951039598091,0.0073744516653127,0.0122223718489794,603.3441129548889,0.0033881959126145,0.0088194940525347,384.1627402868904,0.0033450386616881,0.008830488095774,378.7959765084208,0.0034013759444918,0.0088191054419909,385.674162921647,,,,0.0033789170777542,0.0088178007821676,383.17953427512754,,,,,,,,,,,,,,,,,,,,,,,,,,,,,,,,,,,,
vit,vit_l16_s197_b16,0.3699137065509478,0.2578228026833266,0.2782050075678861,0.0906014553378495,0.3688064629057356,1.923616943980764,0.1123997565881529,0.5464937241241454,0.5464937241241454,1.5537032374298163,True,0.0300362210401891,0.0523174459010302,574.1148200737684,0.0128468345323741,0.026984248538669,476.0755401781521,0.067230895522388,0.1123997565881529,598.1283053797678,0.0561291216216216,0.1018415461359797,551.1290738947987,0.0228499746192893,0.0382127171240482,597.9553105256929,0.0228671212121212,0.038155983048256,599.293067391319,0.0229573924050632,0.0381337427066851,602.009803069249,,,,0.0229052417302799,0.0382147263388597,599.3682435714161,,,,,,,,,,,,,,,,,,,,,,,,,,,,,,,,,,,,
vit,vit_l16_s197_b4,0.1194212141670076,0.0744247368527658,0.0821702823252018,0.0257223385172368,0.1078926208424386,0.5656899345788259,0.0391698519388834,0.1463289013862464,0.1463289013862464,0.4462687204118182,True,0.0068435991258082,0.0140103762894699,488.46647544733287,0.0036261201980322,0.0117559851937898,308.4334290530397,0.0192565652173913,0.0326568683126698,589.6514142005918,0.0236187239583333,0.0391698519388834,602.9689227099543,0.005269540229885,0.0109119616757829,482.8936424876053,0.0052645398059663,0.0109124720596885,482.4224358676475,0.0052771192907234,0.0109024069474787,484.0222622344743,,,,0.0052685290266259,0.010915660372506,482.6471322798749,,,,,,,,,,,,,,,,,,,,,,,,,,,,,,,,,,,,
vit,vit_l16_s197_b8,0.2052590637628259,0.1308835006645069,0.1446983168662611,0.0467465304998207,0.1914448473660819,1.0152606394252344,0.0685363044912956,0.2782738069456357,0.2782738069456357,0.8100015756624085,True,0.0153677081381737,0.0296494016925498,518.314274855511,0.0064230663856691,0.0158205594704952,405.9858715729764,0.0319369117647058,0.0552333831787109,578.2051306615937,0.0411660273972602,0.0685363044912956,600.6328615459906,0.0088600300030003,0.0180171825776327,491.7407298181005,0.0088209660966096,0.018000300030003,490.03031014615567,0.0088573897389738,0.0180182739953682,491.5677660696822,,,,0.009451401140114,0.0180191148997712,524.5105120671327,,,,,,,,,,,,,,,,,,,,,,,,,,,,,,,,,,,,
