source,pipeline,pipeline_latency_ms,pipeline_energy_J,pipeline_energy_with_idle_J,pipeline_p2p_energy_J,pipeline_energy_with_idle_and_p2p_J,pipeline_latency_with_xfer_ms,pipeline_bottleneck_ms,pipeline_bottleneck_with_xfer_ms,pipeline_max_xfer_ms,pipeline_sum_xfer_ms,pipeline_transfer_bound,layer_avg_energy_J__layer0_attn_scores,layer_avg_latency_ms__layer0_attn_scores,layer_avg_power_W__layer0_attn_scores,layer_avg_energy_J__layer0_attn_v,layer_avg_latency_ms__layer0_attn_v,layer_avg_power_W__layer0_attn_v,layer_avg_energy_J__layer0_down_proj,layer_avg_latency_ms__layer0_down_proj,layer_avg_power_W__layer0_down_proj,layer_avg_energy_J__layer0_gate_proj,layer_avg_latency_ms__layer0_gate_proj,layer_avg_power_W__layer0_gate_proj,layer_avg_energy_J__layer0_k_proj,layer_avg_latency_ms__layer0_k_proj,layer_avg_power_W__layer0_k_proj,layer_avg_energy_J__layer0_o_proj,layer_avg_latency_ms__layer0_o_proj,layer_avg_power_W__layer0_o_proj,layer_avg_energy_J__layer0_q_proj,layer_avg_latency_ms__layer0_q_proj,layer_avg_power_W__layer0_q_proj,layer_avg_energy_J__layer0_up_proj,layer_avg_latency_ms__layer0_up_proj,layer_avg_power_W__layer0_up_proj,layer_avg_energy_J__layer0_v_proj,layer_avg_latency_ms__layer0_v_proj,layer_avg_power_W__layer0_v_proj,layer_avg_energy_J__layer19_features_5_block_2_fc1,layer_avg_latency_ms__layer19_features_5_block_2_fc1,layer_avg_power_W__layer19_features_5_block_2_fc1,layer_avg_energy_J__layer43_features_10_block_1_0,layer_avg_latency_ms__layer43_features_10_block_1_0,layer_avg_power_W__layer43_features_10_block_1_0,layer_avg_energy_J__layer6_features_2_block_0_0,layer_avg_latency_ms__layer6_features_2_block_0_0,layer_avg_power_W__layer6_features_2_block_0_0,layer_avg_energy_J__layer7_features_2_block_1_0,layer_avg_latency_ms__layer7_features_2_block_1_0,layer_avg_power_W__layer7_features_2_block_1_0,layer_avg_energy_J__layer8_features_2_block_2_0,layer_avg_latency_ms__layer8_features_2_block_2_0,layer_avg_power_W__layer8_features_2_block_2_0,layer_avg_energy_J__expert_down_proj,layer_avg_latency_ms__expert_down_proj,layer_avg_power_W__expert_down_proj,layer_avg_energy_J__expert_gate_proj,layer_avg_latency_ms__expert_gate_proj,layer_avg_power_W__expert_gate_proj,layer_avg_energy_J__router,layer_avg_latency_ms__router,layer_avg_power_W__router,layer_avg_energy_J__layer14_stages_1_blocks_0_large_kernel_lkb_origin_conv,layer_avg_latency_ms__layer14_stages_1_blocks_0_large_kernel_lkb_origin_conv,layer_avg_power_W__layer14_stages_1_blocks_0_large_kernel_lkb_origin_conv,layer_avg_energy_J__layer15_stages_1_blocks_0_large_kernel_small_conv_conv,layer_avg_latency_ms__layer15_stages_1_blocks_0_large_kernel_small_conv_conv,layer_avg_power_W__layer15_stages_1_blocks_0_large_kernel_small_conv_conv,layer_avg_energy_J__layer16_stages_1_blocks_0_pw2_conv,layer_avg_latency_ms__layer16_stages_1_blocks_0_pw2_conv,layer_avg_power_W__layer16_stages_1_blocks_0_pw2_conv,layer_avg_energy_J__layer1_stages_0_blocks_0_pw1_conv,layer_avg_latency_ms__layer1_stages_0_blocks_0_pw1_conv,layer_avg_power_W__layer1_stages_0_blocks_0_pw1_conv
llama3.1_70b_decode_compiled_bf16,llama3.1_70b_decode_b16_kv1024,0.812340587956168,0.3783423124421002,0.4515034008848863,0.0093876009321309,0.4608910018170172,0.9701128454474816,0.3091225137515944,0.3091225137515944,0.0532272081218274,0.1577722574913135,False,0.0017188345511192,0.0054685153423083,314.31466193777914,0.0017231050382366,0.0084375728962392,204.21235638064812,0.0992973469387755,0.3084348592952806,321.931190417227,0.1009495918367347,0.3091219905931122,326.5612034255298,0.0047519025522041,0.0174196063614776,272.78392152652435,0.0286887951807228,0.0904381074101091,317.21243225219746,0.0287196987951807,0.0904390192606363,317.54997833665215,0.107744081632653,0.3091225137515944,348.53958901086565,0.0047489559164733,0.0174184734583454,272.6320976050969,,,,,,,,,,,,,,,,,,,,,,,,,,,,,,,,,,,,
llama3.1_70b_decode_compiled_bf16,llama3.1_70b_decode_b16_kv2048,0.8152887939222044,0.3818442340761569,0.4548751304674425,0.0112666491241308,0.4661417795915734,1.0196982242440715,0.3091286172672194,0.3091286172672194,0.0998643809523809,0.2044094303218671,False,0.0037445576772618,0.0095930803122314,390.3394483717028,0.0027298400355906,0.0072570097151525,376.1550264680177,0.1061004081632653,0.3084289301658163,343.9942943146517,0.1010826530612244,0.3091286172672194,326.98201917777027,0.0047528770301624,0.0174185740034984,272.8562979890161,0.0287524096385542,0.090439195747835,317.9121804915531,0.028755,0.0904419607139495,317.9307967986082,0.1011773469387755,0.3091215670838648,327.29810570241955,0.0047491415313225,0.0174198117001703,272.6220558395088,,,,,,,,,,,,,,,,,,,,,,,,,,,,,,,,,,,,
llama3.1_70b_decode_compiled_bf16,llama3.1_70b_decode_b16_kv4096,0.8218920573218009,0.3885367307008855,0.4612671618650519,0.0150582999401309,0.4763254618051828,1.111208208012873,0.3091196239237883,0.3091196239237883,0.1847711013215859,0.289316150691072,False,0.0068004340361805,0.0132283686491754,514.0795676724989,0.0046050136425648,0.0102367639476573,449.8377636897536,0.1065334693877551,0.3084338877152423,345.39251849580944,0.1016804081632653,0.3091166344467475,328.92974847971425,0.0047652900232018,0.0174181364196635,273.57513375469216,0.0289013253012048,0.0904378794474774,319.5634520337736,0.0288239759036144,0.09043553363846,318.7107232501312,0.1016653061224489,0.3091196239237883,328.87753305145844,0.0047615081206496,0.0174179834777407,273.36066584532404,,,,,,,,,,,,,,,,,,,,,,,,,,,,,,,,,,,,
llama3.1_70b_decode_compiled_bf16,llama3.1_70b_decode_b16_kv512,0.8081275712565964,0.3705562656676295,0.4439034422986091,0.0085990717801308,0.45250251407874,0.9501217634832254,0.3091120007573342,0.3091120007573342,0.0374491428571428,0.1419941922266289,False,0.0012836272615561,0.0050922991485265,252.07224165680947,0.0010566706313807,0.0046479944219106,227.3326354255311,0.0993112244897959,0.3083961206552933,322.01597126223845,0.1009285714285714,0.3091120007573342,326.5030342219719,0.0047566589327146,0.0174182539583635,273.07746778744723,0.0286869879518072,0.0904388795416039,317.184484321334,0.0288289156626506,0.0904402767319277,318.7529975632925,0.1009469387755102,0.3091061961894132,326.5666085501256,0.0047566705336426,0.0174187269454212,273.0713279785701,,,,,,,,,,,,,,,,,,,,,,,,,,,,,,,,,,,,
llama3.1_70b_decode_compiled_bf16,llama3.1_70b_decode_b1_kv1024,0.8114584259216273,0.3940074649385915,0.4675793212490209,0.00212877312,0.4697080943690209,0.8807155687787702,0.3091423688616071,0.3091423688616071,0.0156038095238095,0.0692571428571428,False,0.0005944629122428,0.0038764299206979,153.35319466728882,0.000676589585685,0.0041967592800778,161.2119174635552,0.108988775510204,0.3090320820711097,352.66779804580926,0.1039836734693877,0.3090869140625,336.41014986512056,0.0046339642857142,0.0134031328473772,345.7145092423491,0.0331772839506172,0.0926735131534529,357.99139256677745,0.0318954601226993,0.0925372726346817,344.66699686151736,0.1054263265306122,0.3091423688616071,341.0197901946618,0.0046309285714285,0.0134027066911969,345.5123153682611,,,,,,,,,,,,,,,,,,,,,,,,,,,,,,,,,,,,
llama3.1_70b_decode_compiled_bf16,llama3.1_70b_decode_b1_kv2048,0.8133969847227197,0.4004663944749172,0.4739623325457237,0.002242019328,0.4762043518737237,0.8847627504884855,0.309181132413903,0.309181132413903,0.0177124324324324,0.0713657657657657,False,0.0008227645971952,0.0053253940122253,154.498351728793,0.0008239340965619,0.0044192830987199,186.43470304909283,0.1087883673469387,0.3090309610172194,352.02095382731693,0.1063169387755102,0.3091650141501913,343.8754605425572,0.0046649505840071,0.0134221770499915,347.5454531176258,0.0347861111111111,0.0927788477768132,374.918036509915,0.0329384567901234,0.0926613664038387,355.4609475798634,0.106403469387755,0.309181132413903,344.1371631937301,0.0049214017857142,0.0134029475620814,367.17842953788187,,,,,,,,,,,,,,,,,,,,,,,,,,,,,,,,,,,,
llama3.1_70b_decode_compiled_bf16,llama3.1_70b_decode_b1_kv4096,0.8152110150499974,0.4023252694116026,0.475754508037013,0.0024559288319999,0.478210436869013,0.8907096817166641,0.3092195970184949,0.3092195970184949,0.0218453333333333,0.0754986666666666,False,0.0012554913517886,0.0054879696288987,228.7715560919756,0.0015077986284187,0.0061083873815952,246.79785681369697,0.1089051020408163,0.3090564213966836,352.3702760222162,0.1064610204081632,0.309186936981824,344.31679889295145,0.004666028751123,0.013415201603563,347.80721983580946,0.0332603703703703,0.0926778157552083,358.8712914214761,0.0350779629629629,0.0926608238691165,378.5533278486602,0.1065808163265306,0.3092195970184949,344.66655040552945,0.0046106785714285,0.013402361188616,344.0113621791524,,,,,,,,,,,,,,,,,,,,,,,,,,,,,,,,,,,,
llama3.1_70b_decode_compiled_bf16,llama3.1_70b_decode_b1_kv512,0.8089691455305891,0.385454371875339,0.4591193340111006,0.002097840128,0.4612171741391007,0.8782262883877319,0.3090682049186862,0.3090682049186862,0.0156038095238095,0.0692571428571428,False,0.0004059362952009,0.0031937619095065,127.10286699602224,0.0005383809951537,0.0039158590974654,137.4831689531657,0.1056159183673469,0.3084890684789541,342.35662178101654,0.1028671428571428,0.3088148716517857,333.09477629529755,0.0047370151921358,0.0134246962532813,352.84917138950453,0.031961963190184,0.0925381788008052,345.3810828693555,0.0326478048780487,0.0917640723251714,355.768807524257,0.1019606122448979,0.3090682049186862,329.8877067137485,0.0047195978552278,0.0134059722600396,352.0411275567699,,,,,,,,,,,,,,,,,,,,,,,,,,,,,,,,,,,,
llama3.1_70b_decode_compiled_bf16,llama3.1_70b_decode_b4_kv1024,0.8053963862289237,0.3804342233645776,0.4536743245180143,0.0053356699573065,0.4590099944753208,0.9065637750189456,0.3085052365672832,0.3085052365672832,0.0218453333333333,0.101167388790022,False,0.000793864553244,0.0036675176621518,216.45827678939864,0.001171252587469,0.0063185130183023,185.3625288503791,0.1026991836734693,0.3085052365672832,332.8847506478355,0.1029104081632653,0.3073335857780612,334.8413110460961,0.0051915338164251,0.0181281343174441,286.37335596643044,0.0298430357142857,0.0897911289760044,332.3520851833728,0.0295145833333333,0.0897804042271205,328.73369864802345,0.1031118367346938,0.3073273826132015,335.5028061037301,0.0051985247883917,0.0181374225362756,286.6119197436026,,,,,,,,,,,,,,,,,,,,,,,,,,,,,,,,,,,,
llama3.1_70b_decode_compiled_bf16,llama3.1_70b_decode_b4_kv2048,0.805072714805438,0.3719129822933075,0.4451348968159608,0.0059102896053065,0.4510451864212674,0.9218439131192696,0.3083365055006377,0.3083365055006377,0.0374491428571428,0.1167711983138315,False,0.0012180553838674,0.0050041435504765,243.4093609787625,0.0011054941718479,0.0049200783250745,224.6832299364076,0.0993871428571428,0.3083365055006377,322.32516145516,0.1031522448979591,0.3073284538424745,335.6335419279621,0.0049216904761904,0.0177647734142485,277.0382849607868,0.0287094047619047,0.0897420465378534,319.9026990821815,0.028785119047619,0.0897414870489211,320.74805851919245,0.0997422448979591,0.3072739457110969,324.5958631483157,0.0048915857988165,0.0177634595159948,275.3672949350414,,,,,,,,,,,,,,,,,,,,,,,,,,,,,,,,,,,,
llama3.1_70b_decode_compiled_bf16,llama3.1_70b_decode_b4_kv4096,0.8087982338846756,0.3754230978714837,0.448489053896101,0.0066988187573065,0.4551878726534075,0.9413474974631916,0.3083593251753826,0.3083593251753826,0.0532272081218274,0.1325492635785161,False,0.0021044549562181,0.0077337604334828,272.1127676915088,0.0016072098053352,0.0060122738604189,267.3141987208054,0.0997220408163265,0.3083593251753826,323.3880199073856,0.1065648979591836,0.3072775330835459,346.7936615815638,0.0048358934911242,0.0177199620354105,272.90011317534595,0.0278770833333333,0.0897076779320126,310.7473389960794,0.0278425,0.0897076633998325,310.36181284016106,0.0999608163265306,0.3072657246492347,325.3165007247733,0.0049082011834319,0.0177620943509615,276.3230041232165,,,,,,,,,,,,,,,,,,,,,,,,,,,,,,,,,,,,
llama3.1_70b_decode_compiled_bf16,llama3.1_70b_decode_b4_kv512,0.8035859110457291,0.3965853029434088,0.4699196437050416,0.0051217604533065,0.4750414041583481,0.9006203989348502,0.3085367755500637,0.3085367755500637,0.0177124324324324,0.0970344878891211,False,0.0007491404037358,0.0041823275401608,179.12045303535723,0.0006463071989771,0.0038699795000011,166.99741320688426,0.1120610204081632,0.3085367755500637,363.1929971469828,0.107359387755102,0.3073881437340561,349.25447755012846,0.0051908343409915,0.0181278945572286,286.33866644229687,0.0298968452380952,0.0898047528948102,332.901346184012,0.0320127976190476,0.0898039318266369,356.46419177248583,0.1034885714285714,0.3073368742028061,336.71741906873046,0.0051803985507246,0.0181282832196369,285.7564329353612,,,,,,,,,,,,,,,,,,,,,,,,,,,,,,,,,,,,
llama3.1_70b_decode_compiled_bf16,llama3.1_70b_decode_b8_kv1024,0.8060346956749208,0.3742186913523813,0.447242472711956,0.0066203543884167,0.4538628271003728,0.9265378614101688,0.3079804587850765,0.3079804587850765,0.0374491428571428,0.1205031657352481,False,0.0012442640946282,0.0044740287369767,278.1082035402948,0.0013462546506821,0.0062100241173392,216.7818274883477,0.1044173469387755,0.3079804587850765,339.03138847550537,0.100828775510204,0.3078376116071428,327.5293379581966,0.0047307159624413,0.0176126485475352,268.5907866829086,0.0280439285714285,0.0897668892996651,312.4008332877871,0.0280717857142857,0.0897656831287202,312.7152019844133,0.1008030612244898,0.3078147919323979,327.4710865225577,0.004732558685446,0.0176112960313967,268.71570185615656,,,,,,,,,,,,,,,,,,,,,,,,,,,,,,,,,,,,
llama3.1_70b_decode_compiled_bf16,llama3.1_70b_decode_b8_kv2048,0.8079948718298564,0.372256142063319,0.4451954594922306,0.0074088835404167,0.4526043430326474,0.944276102829789,0.307988430723852,0.307988430723852,0.0532272081218274,0.1362812309999326,False,0.0026358466611847,0.0072006119877238,366.0586996881041,0.0016455684691075,0.0054586879302622,301.4503941126973,0.0981771428571428,0.307988430723852,318.761445584747,0.1010538775510204,0.3078164361447704,328.2853296999697,0.0047425821596244,0.0176124565590155,269.2680197705338,0.0281233928571428,0.0897653416224888,313.291449887459,0.03001875,0.0897653634207589,334.40569179310734,0.1011195918367346,0.307804104551977,328.50905623073555,0.0047393896713615,0.017610722931338,269.1126566783234,,,,,,,,,,,,,,,,,,,,,,,,,,,,,,,,,,,,
llama3.1_70b_decode_compiled_bf16,llama3.1_70b_decode_b8_kv4096,0.811719229233899,0.3800855824853062,0.4528588626946284,0.0092879317324167,0.4621467944270451,0.9946376330643852,0.3079927156409439,0.3079927156409439,0.0998643809523809,0.1829184038304862,False,0.0035376212445562,0.0092503753983415,382.4300195633695,0.0026690799769768,0.0071373665042969,373.94906051804776,0.0984197959183673,0.3079927156409439,319.542383308562,0.1013575510204081,0.3078057736766582,329.2820443313455,0.0047568544600938,0.0176125998340302,270.0754356758733,0.0282336309523809,0.0897635250999814,314.5260121872968,0.0282233333333333,0.0897633943103608,314.411147042621,0.1081338775510204,0.3078118522799745,351.289091058003,0.004753838028169,0.0176128333723041,269.90170888926605,,,,,,,,,,,,,,,,,,,,,,,,,,,,,,,,,,,,
llama3.1_70b_decode_compiled_bf16,llama3.1_70b_decode_b8_kv512,0.8027077490211232,0.3719840380716702,0.4451546360287299,0.0060457347404167,0.4512003707691467,0.9076071052325618,0.3079740064971301,0.3079740064971301,0.0218453333333333,0.1048993562114386,False,0.0007382535587293,0.0035704818366673,206.765807109785,0.000760577556919,0.0038054746774139,199.8567631118751,0.1041351020408163,0.3079740064971301,338.1205077132888,0.1003124489795918,0.3078272480867347,325.8635260147708,0.0047251995305164,0.0176119393362125,268.2890617220677,0.0280073214285714,0.08976808820452,311.98800662686875,0.0280419642857142,0.0897624497186569,312.3945250740884,0.1005342857142857,0.3078207459741709,326.5921423607682,0.0047288849765258,0.0176123362080032,268.4893264728824,,,,,,,,,,,,,,,,,,,,,,,,,,,,,,,,,,,,
llama3.1_70b_prefill_compiled_bf16,llama3.1_70b_prefill_b16_s1024,58.74608165147569,48.3262635,52.97828941156006,9.355349857317622,62.33363926887768,146.2599581036307,20.455347900390624,45.11520268907563,45.11520268907563,87.513876452155,True,2.2553433333333333,4.636929389105903,486.3872498537681,0.944549,1.6148037109375,584.9151620160212,11.99222,20.33093139648437,589.8303087738727,12.60372,20.4361376953125,616.7099861029989,0.45006,0.7687908325195313,585.3902132956545,3.398946666666667,5.845098470052084,581.4858416094996,3.599,5.862970784505208,613.8344050500621,12.60267,20.455347900390624,616.0867691047172,0.4797545,0.768767333984375,624.0380425113925,,,,,,,,,,,,,,,,,,,,,,,,,,,,,,,,,,,,
llama3.1_70b_prefill_compiled_bf16,llama3.1_70b_prefill_b16_s2048,122.95160598342484,98.71428402129402,107.79980021195644,25.57288590116152,133.37268611311796,387.3433350020344,40.960625,179.70574460251046,179.70574460251046,264.3917290186095,True,6.029112657657658,11.855062200872748,508.5686228802583,3.03589,6.110430501302083,496.82107543285787,24.60324,40.66884521484375,604.9502173708566,24.60327,40.865478515625,602.0371440434584,0.8732845454545455,1.4641696999289773,596.4187256330342,6.89942,11.645513916015624,592.4367139995364,7.198175,11.711129150390626,614.6250627910863,24.5981,40.960625,600.5135924942721,0.8737918181818183,1.4640110085227274,596.8298788410463,,,,,,,,,,,,,,,,,,,,,,,,,,,,,,,,,,,,
llama3.1_70b_prefill_compiled_bf16,llama3.1_70b_prefill_b16_s4096,352.3120751953125,265.230336,283.25022387963867,78.19547583253103,361.4456997121697,1237.3219679460128,94.92390625,715.8278826666667,715.8278826666667,885.0098927507004,True,43.96003,84.8238671875,518.2507171339878,13.80238,23.685859375,582.7137621369253,56.99515,94.92390625,600.4231983237975,56.99765,94.7563671875,601.5113669297356,2.040308,3.414891845703125,597.4650510320088,16.19783,27.02324462890625,599.3909361379814,16.19961,27.09883056640625,597.7832527653696,56.99575,94.7321484375,601.6458120397269,2.041628,3.414087890625,597.9936821917486,,,,,,,,,,,,,,,,,,,,,,,,,,,,,,,,,,,,
llama3.1_70b_prefill_compiled_bf16,llama3.1_70b_prefill_b16_s512,27.93949933754629,23.465162449095025,25.861673861116977,3.6297029084348105,29.49137676955179,60.32059543641789,10.24591552734375,11.302545515789474,11.302545515789474,32.381096098871595,True,0.55123625,1.2034311385381788,458.05383652411786,0.2489823529411764,0.4484890567555147,555.1425642287604,6.00236,10.18018798828125,589.5938840511741,6.301005,10.245369873046876,614.9917603384597,0.230911282051282,0.386432385566907,597.5247783760128,1.7997033333333332,2.9245458984375,615.3614238360353,1.800835,2.9369297281901043,613.1523839570694,6.29876,10.24591552734375,614.7355820570031,0.2313692307692307,0.3861289938902243,599.1853632864481,,,,,,,,,,,,,,,,,,,,,,,,,,,,,,,,,,,,
llama3.1_70b_prefill_compiled_bf16,llama3.1_70b_prefill_b1_s1024,3.772466039916564,3.007199195493454,3.3123999395533,0.4382776208895688,3.750677560442869,9.222808531605423,1.3301021321614583,2.796202666666667,2.796202666666667,5.45034249168886,True,0.1308019477842665,0.2896744509310052,451.548099474679,0.0550960839160839,0.1051655717329545,523.8802581932965,0.7997108333333334,1.3301021321614583,601.222642897562,0.7502783333333333,1.2867213948567708,583.0723242613306,0.0354302155172413,0.0647671929721174,547.0183665212278,0.2252057499999999,0.3797848510742188,592.9575404197138,0.22510175,0.3792378540039062,593.5430820887833,0.7500533333333333,1.2885011800130208,582.0964134376752,0.035520948275862,0.0647258048221982,548.7739296407068,,,,,,,,,,,,,,,,,,,,,,,,,,,,,,,,,,,,
llama3.1_70b_prefill_compiled_bf16,llama3.1_70b_prefill_b1_s2048,8.206983646402383,6.438771713080778,7.021787199922284,1.385438044615568,8.407225244537852,24.787804132655992,2.6587359619140627,11.302545515789474,11.302545515789474,16.580820486253607,True,0.597864060150376,1.1339346642362742,527.2473617808027,0.18906325,0.3832925415039062,493.2472064248992,1.5993916666666663,2.6587359619140627,601.5423125230712,1.4993166666666666,2.533633219401042,591.7377455446036,0.0694913076923076,0.1160193434495192,598.9466293283876,0.4570680952380952,0.7480394926525298,611.0045552423161,0.4571833333333333,0.7478078497023809,611.345133086202,1.4998733333333334,2.535173136393229,591.6087697899052,0.06952,0.1160877403846153,598.8306282826096,,,,,,,,,,,,,,,,,,,,,,,,,,,,,,,,,,,,
llama3.1_70b_prefill_compiled_bf16,llama3.1_70b_prefill_b1_s4096,18.81356574781013,13.98893357109557,14.960490454715186,4.737263071236111,19.6977535259513,74.4644153168052,5.092734781901042,45.11520268907563,45.11520268907563,55.65084956899508,True,2.325684,4.452614135742188,522.3187837749477,0.7477163636363637,1.4739145729758525,507.2856725031525,3.000423333333333,5.092734781901042,589.1372441589463,3.0006725,4.9671322631835935,604.0899024800016,0.1384253846153846,0.2318225285456731,597.1014419234315,0.8181718181818182,1.4118016468394887,579.497161726737,0.8182663636363636,1.413643798828125,578.8198948614859,3.0011375,4.9688568115234375,603.9724328761653,0.1384363076923077,0.2319395282451923,596.8479612175183,,,,,,,,,,,,,,,,,,,,,,,,,,,,,,,,,,,,
llama3.1_70b_prefill_compiled_bf16,llama3.1_70b_prefill_b1_s512,1.9676729518999287,1.59760746422927,1.783517257729142,0.1424588957392973,1.92597615346844,4.035077365411086,0.757652587890625,0.757652587890625,0.7078994092827005,2.067404413511156,False,0.0232811182169043,0.0441779599937002,526.9849087695358,0.0151062728785357,0.0250070012706686,604.058069251766,0.450639,0.757652587890625,594.7679226426416,0.3914147826086956,0.6583449388586956,594.5288687070611,0.0186331469979296,0.0307942885246829,605.0657620113506,0.1384536923076923,0.2334578012319711,593.0394959680891,0.1500591666666666,0.2484416300455729,603.9584170668418,0.3916,0.6589359714673914,594.2746949785326,0.0184202845528455,0.0307323672907139,599.3484320539311,,,,,,,,,,,,,,,,,,,,,,,,,,,,,,,,,,,,
llama3.1_70b_prefill_compiled_bf16,llama3.1_70b_prefill_b4_s1024,14.482964652639335,11.70279746048246,12.874240937592994,2.196789915652111,15.071030853245103,36.321157048348255,5.106104736328125,11.302545515789474,11.302545515789474,21.838192395708923,True,0.5666199206349206,1.160192624046689,488.3843500560976,0.222987027027027,0.407434642894848,547.2792393822604,2.999576666666667,5.106104736328125,587.4286142972492,3.000195,4.975403747558594,602.9881371943968,0.1384430769230769,0.232305438701923,595.9355585647036,0.8180545454545455,1.414784268465909,578.2010961995774,0.8185554545454545,1.4154643110795455,578.2767747888336,2.999745,4.978984069824219,602.4652872424195,0.1386207692307692,0.2321915189302884,596.9949008597123,,,,,,,,,,,,,,,,,,,,,,,,,,,,,,,,,,,,
llama3.1_70b_prefill_compiled_bf16,llama3.1_70b_prefill_b4_s2048,32.31409680175781,25.41508487179487,27.61650850803473,6.170176064018811,33.786684572053545,98.50785007391556,10.2496484375,45.11520268907563,45.11520268907563,66.19375327215775,True,2.433740333333333,4.497543009440104,541.1266391950097,0.817758,1.52501611328125,536.2101394126335,6.001965,10.192516479492188,588.8414987031631,5.99908,10.2496484375,585.272984762098,0.2312741025641025,0.3854573880709134,599.9834126187528,1.7002566666666667,2.9199727376302085,582.270514928036,1.699925,2.9294000244140626,580.2802863094912,6.300375,10.24095458984375,615.1962296274108,0.2307107692307692,0.3858019080528846,597.9859010022685,,,,,,,,,,,,,,,,,,,,,,,,,,,,,,,,,,,,
llama3.1_70b_prefill_compiled_bf16,llama3.1_70b_prefill_b4_s4096,70.33301707224803,53.90165090990991,58.03759643377301,19.543012283429626,77.58060871720262,292.43743543783785,20.47122802734375,179.70574460251046,179.70574460251046,222.10441836558985,True,5.3435715765765766,11.881999819643864,449.7198836632148,3.0779566666666667,5.923013102213542,519.6453564449964,12.59722,20.351114501953123,618.9647464628828,12.58149,20.45863525390625,614.9494445581411,0.450546,0.7696974487304687,585.3369287537189,3.4007266666666665,5.831935628255208,583.1053972740134,3.39927,5.8737259928385415,578.7075851174712,12.60077,20.47122802734375,615.5160972280162,0.4501,0.7698019409179687,584.6772461091059,,,,,,,,,,,,,,,,,,,,,,,,,,,,,,,,,,,,
llama3.1_70b_prefill_compiled_bf16,llama3.1_70b_prefill_b4_s512,7.114856607636678,5.816215812293398,6.449379099572644,0.7240130810315678,7.173392180604211,15.18933424476748,2.661623738606771,2.796202666666667,2.796202666666667,8.074477637130801,True,0.1343856547842401,0.2994250398961509,448.8123465921517,0.0588034615384615,0.1159481576772836,507.1364799118026,1.600655,2.661623738606771,601.3644722381267,1.5000816666666663,2.536741129557292,591.3256775286227,0.0741532307692307,0.1164583364633413,636.7177013618162,0.4286609523809523,0.7486451939174107,572.5643931684808,0.450087,0.7505450439453125,599.660984437859,1.499955,2.53866943359375,590.8262899330526,0.0694338461538461,0.1162623009314903,597.198389293174,,,,,,,,,,,,,,,,,,,,,,,,,,,,,,,,,,,,
llama3.1_70b_prefill_compiled_bf16,llama3.1_70b_prefill_b8_s1024,29.43184763671616,24.03635102196049,26.36782599645355,4.469369014802811,30.83719501125636,73.06799956433609,10.251226806640624,22.55760134453781,22.55760134453781,43.636151927619935,True,1.1839768181818182,2.319423223938605,510.4617415062833,0.474018947368421,0.8093659410978619,585.6492085780634,5.99857,10.19974365234375,588.0914599408043,5.99877,10.251226806640624,585.158436408524,0.2309005128205128,0.3855868452023237,598.8094016345318,1.7998316666666665,2.924777628580729,615.3570370939874,1.801125,2.927310384114584,615.2665502871184,6.302955,10.24729736328125,615.0681369672744,0.2462030769230769,0.3857544258313301,638.2192844006255,,,,,,,,,,,,,,,,,,,,,,,,,,,,,,,,,,,,
llama3.1_70b_prefill_compiled_bf16,llama3.1_70b_prefill_b8_s2048,64.63904736328124,51.66808316666667,56.06678249497477,12.77414382493362,68.84092631990839,197.26812650451188,20.4908203125,90.23040537815126,90.23040537815126,132.62907914123065,True,5.0276993333333335,8.994250162760416,558.9903818941909,1.53011,3.058149658203125,500.3244848478861,12.00498,20.37384765625,589.2064856393015,12.5971,20.49033447265625,614.7430158761622,0.4508995,0.7696878662109375,585.7956979792407,3.3995866666666665,5.852786458333333,580.8240658668918,3.5976666666666666,5.869193115234375,612.9556953141397,12.60982,20.4908203125,615.3614606751753,0.450221,0.7694391479492187,585.1101018938215,,,,,,,,,,,,,,,,,,,,,,,,,,,,,,,,,,,,
llama3.1_70b_prefill_compiled_bf16,llama3.1_70b_prefill_b8_s4096,140.73681365966797,106.80526926948052,115.10622928964986,39.07626307978552,154.18249236943538,583.3367394091003,41.014716796875,357.91394133333336,357.91394133333336,442.5999257494324,True,11.538125178571429,23.76701141357422,485.4680707554832,5.91112,11.84042724609375,499.2190840450337,24.01747,40.707373046875,589.9816105112822,24.59763,40.9917333984375,600.0449911720796,0.87298,1.4681254438920457,594.6031652853177,7.199389999999999,11.6593798828125,617.4608524722466,7.199335,11.7479052734375,612.797865622399,24.5968,41.014716796875,599.6845007321218,0.8724190909090909,1.4700004438920455,593.4490450956815,,,,,,,,,,,,,,,,,,,,,,,,,,,,,,,,,,,,
llama3.1_70b_prefill_compiled_bf16,llama3.1_70b_prefill_b8_s512,13.74444658623349,11.596754550708846,12.8017474269752,1.775883120644111,14.57763054761931,29.943288740414545,5.107148030598959,5.663195274261604,5.663195274261604,16.198842154181055,True,0.2592016660412758,0.600059247387283,431.9601225543401,0.1169476119402985,0.2269657875174906,515.25078206118,3.19917,5.107148030598959,626.3919294495756,2.99885,4.977058410644531,602.5090679803212,0.1384401538461538,0.2326886268028846,594.9384931090914,0.87303,1.4143854314630682,617.232085716917,0.8731572727272727,1.418829678622159,615.3877483679746,2.99957,4.976865844726563,602.6865673451485,0.1383878461538461,0.2327117450420673,594.6584057611308,,,,,,,,,,,,,,,,,,,,,,,,,,,,,,,,,,,,
llama3.1_8b_decode_compiled_bf16,llama3.1_8b_decode_b16_kv1024,0.2216298696016077,0.1047835583245953,0.1226605752575795,0.0068502546764167,0.1295108299339963,0.3421330353368558,0.0797224805720899,0.0797224805720899,0.0374491428571428,0.1205031657352481,False,0.0011930406603437,0.0053814801924421,221.69377525894032,0.0014164506225481,0.0064056526612202,221.11704230957,0.026274656084656,0.0797224805720899,329.57029333257947,0.0262102094240837,0.0789327795218422,332.05044211172043,0.0028137508196721,0.0098381011462602,285.9998146827464,0.009034165232358,0.0257483036218534,350.8552708929056,0.0089646917808219,0.0254391730321596,352.37620600706043,0.0262348691099476,0.0789282865674083,332.3781877579391,0.0026417245901639,0.0098390248783299,268.48960388231086,,,,,,,,,,,,,,,,,,,,,,,,,,,,,,,,,,,,
llama3.1_8b_decode_compiled_bf16,llama3.1_8b_decode_b16_kv2048,0.2222841324464563,0.1061640585966557,0.1240015354674799,0.0076387838284167,0.1316403192958967,0.358565363446389,0.0796997134899966,0.0796997134899966,0.0532272081218274,0.1362812309999326,False,0.0020481753118537,0.0065418031456836,313.0903309441692,0.0016589284714576,0.0056015386814024,296.1474099228985,0.0262902116402116,0.0796997134899966,329.85744393539073,0.0263617368421052,0.0789848889802631,333.75045237372973,0.0026378010471204,0.009820120446969,268.6056240827551,0.0091154452054794,0.0257053950061536,354.60343370590687,0.0090338593481989,0.0257507931429566,350.81118577616434,0.0263827894736842,0.0789839509662829,334.0209083958464,0.0026351112565445,0.0098208426430587,268.3130988461645,,,,,,,,,,,,,,,,,,,,,,,,,,,,,,,,,,,,
llama3.1_8b_decode_compiled_bf16,llama3.1_8b_decode_b16_kv4096,0.2252093397145813,0.1045726326369264,0.1222467891772603,0.0095178320204167,0.1317646211976771,0.4081277435450675,0.0795904637896825,0.0998643809523809,0.0998643809523809,0.1829184038304862,True,0.0036149028029126,0.0091083538987889,396.8777281911816,0.0027609787624329,0.0071289331667391,387.2828727180821,0.0252491005291005,0.0795904637896825,317.2313541174475,0.0247622916666666,0.0787335968017578,314.5013842639861,0.0026378104575163,0.0098067188138276,268.9749156849721,0.0088747138047138,0.0252633697818023,351.2800058976137,0.0087251006711409,0.0251878490063968,346.3936937073539,0.0253114659685863,0.0789303700711714,320.67457573852,0.0026362679738562,0.0098054845473345,268.85130304746576,,,,,,,,,,,,,,,,,,,,,,,,,,,,,,,,,,,,
llama3.1_8b_decode_compiled_bf16,llama3.1_8b_decode_b16_kv512,0.217060885122165,0.1054819360760681,0.1235519159579732,0.0062756350284167,0.12982755098639,0.3219602413336036,0.0796883654720568,0.0796883654720568,0.0218453333333333,0.1048993562114386,False,0.0008675814098996,0.0036272796175045,239.1823904925469,0.0008320815450643,0.0039288773482274,211.77985190936684,0.028016455026455,0.0796883654720568,351.5650417331166,0.0263611578947368,0.078982755962171,333.74998451695194,0.0026326518615284,0.0097988168029984,268.6540415947571,0.0091092636986301,0.0256940407948951,354.51906980564485,0.008666147403685,0.0251360644367671,344.7597197623004,0.0263645789473684,0.0789862574527138,333.7799411122823,0.0026320182887001,0.0097977228743978,268.60193676932056,,,,,,,,,,,,,,,,,,,,,,,,,,,,,,,,,,,,
llama3.1_8b_decode_compiled_bf16,llama3.1_8b_decode_b1_kv1024,0.2189360785415265,0.1020866786790002,0.1200467241954837,0.00129318912,0.1213399133154837,0.2845398880653361,0.0794428297577711,0.0794428297577711,0.0156038095238095,0.0656038095238095,False,0.0004490904994241,0.0034182408462978,131.38059008056655,0.0004848409524024,0.0037789625123696,128.29203931370893,0.0270614814814814,0.0794428297577711,340.631044652148,0.0250087894736842,0.0790420114617598,316.3814445453851,0.002372480620155,0.0089487307599135,265.1094913914039,0.0096076376554174,0.0266028048852409,361.1414871082237,0.0096633865248226,0.0266435771969193,362.6815094539367,0.0250686315789473,0.0790496633429276,317.1178931669589,0.0023703398926654,0.0089465244682189,264.93754112490245,,,,,,,,,,,,,,,,,,,,,,,,,,,,,,,,,,,,
llama3.1_8b_decode_compiled_bf16,llama3.1_8b_decode_b1_kv2048,0.2202801183835263,0.1045088335746457,0.1223989910588868,0.001324122112,0.1237231131708868,0.2858839279073358,0.0794423647280092,0.0794423647280092,0.0156038095238095,0.0656038095238095,False,0.0006088128063632,0.0040760927922414,149.36186132025313,0.0006380574912891,0.0043653446069024,146.15931525220873,0.0269631216931216,0.0794423647280092,339.3945287363689,0.026036947368421,0.0791134097450658,329.101481042746,0.0023984345238095,0.0090143810453869,266.0609471884282,0.0097639609236234,0.0266819337672069,365.9291826777874,0.0096204078014184,0.0266006707806959,361.6512014146738,0.0260565789473684,0.0791137117084704,329.34811919814246,0.0024225120192307,0.0090143181727482,268.7279717420133,,,,,,,,,,,,,,,,,,,,,,,,,,,,,,,,,,,,
llama3.1_8b_decode_compiled_bf16,llama3.1_8b_decode_b1_kv4096,0.2215538296352341,0.1061568366692426,0.1240240532268606,0.0014373683199999,0.1254614215468606,0.2892662620676665,0.0795275039269179,0.0795275039269179,0.0177124324324324,0.0677124324324324,False,0.0008442620460761,0.0050892229782259,165.89213121301682,0.0009226937937696,0.0045348347284113,203.46213381991305,0.0283039153439153,0.0795275039269179,355.8920971644632,0.0259668421052631,0.0791112510279605,328.2210719873903,0.0024175841346153,0.0090158763298621,268.1413602976553,0.0097376021314387,0.0266835577576876,364.919850777717,0.0095883687943262,0.0266040926453069,360.4001608872613,0.0259587894736842,0.0791146175986842,328.1086639134632,0.0024167788461538,0.0090173215132493,268.00751551695885,,,,,,,,,,,,,,,,,,,,,,,,,,,,,,,,,,,,
llama3.1_8b_decode_compiled_bf16,llama3.1_8b_decode_b1_kv512,0.2182019186034273,0.1005230112269245,0.1184229206757404,0.001063288832,0.1194862095077404,0.2782019186034273,0.0791863949424342,0.0791863949424342,0.01,0.06,False,0.0004091777638248,0.0036777917823266,111.25637013794923,0.0003157105906129,0.0028293597652184,111.57945391414974,0.0262971052631578,0.0791863949424342,332.0835759815823,0.0244927894736842,0.0789429867393092,310.2503066450053,0.002416349112426,0.0088779918061205,272.16598784904505,0.0096859680284191,0.026644323968972,363.51739649417306,0.0100118817204301,0.0269007463352654,372.16657985971824,0.0244895263157894,0.0789633018092105,310.1298983300399,0.0024045029585798,0.0088788918038091,270.7975740217652,,,,,,,,,,,,,,,,,,,,,,,,,,,,,,,,,,,,
llama3.1_8b_decode_compiled_bf16,llama3.1_8b_decode_b4_kv1024,0.2185367227239922,0.1050944445294825,0.1232908214680948,0.0033315993310066,0.1266224207991015,0.2913577906177866,0.0799520484437333,0.0799520484437333,0.0177124324324324,0.0728210678937944,False,0.0008960875211703,0.0040447183089923,221.54509973614245,0.0007748366684941,0.0042939938996967,180.4400524151482,0.0285448936170212,0.0799520484437333,357.0163637027815,0.0257327604166666,0.0783349418640136,328.4864336206824,0.0027125121654501,0.0091276271847912,297.1635601303482,0.0090765277777777,0.0259777789645724,349.3868192411213,0.0086865975820379,0.0259332412429835,334.95234626318205,0.02569703125,0.0783268038431803,328.0671589011582,0.0029731975308641,0.0092133502724729,322.6977827816479,,,,,,,,,,,,,,,,,,,,,,,,,,,,,,,,,,,,
llama3.1_8b_decode_compiled_bf16,llama3.1_8b_decode_b4_kv2048,0.2195556114574692,0.1050793802368244,0.1232607709040221,0.0035455088350066,0.1268062797390287,0.2965095802521645,0.0800222843251329,0.0800222843251329,0.0218453333333333,0.0769539687946953,False,0.001005420518247,0.0045368565142426,221.6117073772842,0.0008429547536644,0.0047764867447098,176.4747508409017,0.028917659574468,0.0800222843251329,361.3618298847009,0.0256783854166666,0.0783532524108886,327.7151825078819,0.0027277128953771,0.0091328151730725,298.66430004878777,0.0087668911917098,0.0259301167489745,338.088624979423,0.008741450777202,0.0259357627644645,337.0349124467255,0.0256841666666666,0.0783541043599446,327.78940749081937,0.0027147384428223,0.0091279761692613,297.40228130237733,,,,,,,,,,,,,,,,,,,,,,,,,,,,,,,,,,,,
llama3.1_8b_decode_compiled_bf16,llama3.1_8b_decode_b4_kv4096,0.221276427254786,0.1079255449813553,0.1259734682593025,0.0041201284830066,0.1300935967423092,0.3138342055732909,0.0798834488239694,0.0798834488239694,0.0374491428571428,0.0925577783185048,False,0.0015115118437515,0.0056111086753792,269.37846532608114,0.0018395128407984,0.0057053370972571,322.411473502802,0.0286764893617021,0.0798834488239694,358.97032817462866,0.0274042187499999,0.0783605130513509,349.71269819350533,0.0026846149217809,0.009122688302638,294.27267586213355,0.0088523103448275,0.0258892275053879,341.92058451974634,0.0085348020654044,0.0258267921014414,330.4543714444428,0.0257145833333333,0.0783602078755696,328.15106923045846,0.0027075015197568,0.0091267542505699,296.6492484116252,,,,,,,,,,,,,,,,,,,,,,,,,,,,,,,,,,,,
llama3.1_8b_decode_compiled_bf16,llama3.1_8b_decode_b4_kv512,0.2174821741864062,0.1050094937372281,0.1233212218563262,0.0032183531230066,0.1265395749793328,0.2881946191715777,0.0801319398271276,0.0801319398271276,0.0156038095238095,0.0707124449851715,False,0.0004987596999161,0.0032078528697973,155.48085281966888,0.0005739103618421,0.0038714688075216,148.22021106867385,0.0287915957446808,0.0801319398271276,359.293179223758,0.0256052604166666,0.0783669789632161,326.72684342227944,0.0029927008652657,0.0092387399567367,323.9192926582035,0.0094448090277777,0.0260359043545193,362.75165087814105,0.0086597068965517,0.0258680293642241,334.7574045684198,0.0256340625,0.0783666928609212,327.09723560293367,0.0028086882245271,0.0091725599045721,306.1981456454334,,,,,,,,,,,,,,,,,,,,,,,,,,,,,,,,,,,,
llama3.1_8b_decode_compiled_bf16,llama3.1_8b_decode_b8_kv1024,0.2179931606940605,0.1067281848575431,0.1249772537695421,0.0054506201013065,0.1304278738708486,0.3191605494840825,0.0802191912809157,0.0802191912809157,0.0218453333333333,0.101167388790022,False,0.0009004389036221,0.0051255023231869,175.6781768586363,0.0010890349754789,0.0063093754563931,172.6012785030412,0.0296377540106951,0.0802191912809157,369.4509035991505,0.0257868229166666,0.0784793472290039,328.57376115357323,0.0026395741849634,0.0099827347258607,264.408124926557,0.008258528,0.024008162109375,343.97981028050805,0.0082482829888712,0.0238515822951858,345.8050766283966,0.0275301041666666,0.0784790674845377,350.7877204721042,0.0026376447105788,0.0099828939126954,264.21100153806856,,,,,,,,,,,,,,,,,,,,,,,,,,,,,,,,,,,,
llama3.1_8b_decode_compiled_bf16,llama3.1_8b_decode_b8_kv2048,0.2166965852756511,0.1075024206963136,0.1258025311987099,0.0060252397493065,0.1318277709480164,0.3334677835894826,0.0801950122200869,0.0801950122200869,0.0374491428571428,0.1167711983138315,False,0.0015407523697909,0.0052106590927623,295.69241479087003,0.0012497102972484,0.0050531182186449,247.3057460072787,0.0294465240641711,0.0801950122200869,367.17836810845824,0.0259001041666666,0.0784583663940429,330.1063136917355,0.0026364518272425,0.0099684352938122,264.4749007639453,0.008212884310618,0.0237718043501139,345.48129317903846,0.008292896,0.024007625,345.42003122895227,0.0275886458333333,0.0784525934855143,351.6529287612542,0.0026344518272425,0.0099683736503322,264.2753155683328,,,,,,,,,,,,,,,,,,,,,,,,,,,,,,,,,,,,
llama3.1_8b_decode_compiled_bf16,llama3.1_8b_decode_b8_kv4096,0.2199050220461741,0.1057461396448835,0.1239063984538583,0.0068137689013065,0.1307201673551649,0.3524542856246902,0.0802060116038602,0.0802060116038602,0.0532272081218274,0.1325492635785161,False,0.0020304753543822,0.0075555473184227,268.7396781211756,0.0016755552281683,0.0061417948855794,272.8045241773897,0.0289470053475935,0.0802060116038602,360.8998580661517,0.0258631770833333,0.0784577878316243,329.6377791745976,0.0026382005312084,0.0099652423833312,264.73402730622314,0.0082331428571428,0.0238327404203869,345.4473370605904,0.0078392101105845,0.0237111399863003,330.6064846477015,0.0258838020833333,0.078457228342692,329.9035684742306,0.0026355710491367,0.0099653047964392,264.46912528784327,,,,,,,,,,,,,,,,,,,,,,,,,,,,,,,,,,,,
llama3.1_8b_decode_compiled_bf16,llama3.1_8b_decode_b8_kv512,0.2138689840640979,0.1037097809839363,0.1221969093636132,0.0052367105973065,0.1274336199609198,0.3109034719532191,0.0803478612236798,0.0803478612236798,0.0177124324324324,0.0970344878891211,False,0.0005924253579017,0.0035565501000741,166.57303882471896,0.0006184935511074,0.0038804603105647,159.38214187919684,0.0294196256684492,0.0803478612236798,366.1432851459226,0.02577140625,0.0784768231709798,328.38517408161914,0.0026423619427811,0.0099801446910865,264.754342129303,0.008214467408585,0.023850864234524,344.40195632827704,0.0079987480190174,0.0237559990497474,336.69616612886864,0.0258140625,0.0784772491455078,328.9290158597331,0.0026381902860944,0.0099797239830235,264.3497752416101,,,,,,,,,,,,,,,,,,,,,,,,,,,,,,,,,,,,
llama3.1_8b_prefill_compiled_bf16,llama3.1_8b_prefill_b16_s1024,15.80166327290431,12.509419629672852,13.593014142632072,4.500775963154811,18.093790105786884,59.43781520052424,5.052655436197917,22.55760134453781,22.55760134453781,43.636151927619935,True,1.171315909090909,2.3195251403192074,504.9809069668956,0.5062047368421052,0.8091361276726974,625.5898811602884,2.9992066666666664,5.052655436197917,593.5620072222557,2.8514725,4.854070739746094,587.4240142288777,0.219509756097561,0.3691622403772865,594.5985584405345,0.8730445454545455,1.3806594016335227,632.3104915195278,0.8187354545454546,1.380712557705966,592.9484681355683,2.8499525,4.858974609375,586.5185254802298,0.2199775609756097,0.3691246069931402,595.9283872266412,,,,,,,,,,,,,,,,,,,,,,,,,,,,,,,,,,,,
llama3.1_8b_prefill_compiled_bf16,llama3.1_8b_prefill_b16_s2048,37.25703788248698,28.248992166666667,30.1450299321696,12.888497329189622,43.03352726135922,169.88611702371765,10.057384643554688,90.23040537815126,90.23040537815126,132.62907914123065,True,4.943655333333333,8.993180908203126,549.7115407546156,1.501174,3.0611484375,490.3805145838438,6.00349,10.057384643554688,596.906146521258,5.699095,9.623958740234375,592.157588354353,0.45041,0.750368408203125,600.2368232121994,1.5999800000000002,2.753480834960937,581.0594442731668,1.6001383333333332,2.7616276041666667,579.3976582844355,6.0010900000000005,9.630215454101563,623.1352100607988,0.4499595,0.7509241943359375,599.1842103673451,,,,,,,,,,,,,,,,,,,,,,,,,,,,,,,,,,,,
llama3.1_8b_prefill_compiled_bf16,llama3.1_8b_prefill_b16_s4096,85.83993664696104,60.005122316017314,64.78222028750993,39.26524164080952,104.04746192831944,528.4398623963934,23.77099581037249,357.91394133333336,357.91394133333336,442.5999257494324,True,10.855934285714286,23.77099581037249,456.688241936305,5.796875,11.831219482421876,489.9524537986504,12.00154,20.07538330078125,597.7832155356543,11.40887,19.143037109375,595.9612701326831,0.8725054545454545,1.3991387384588068,623.5812798360087,3.3987833333333333,5.480679117838542,620.1220089993049,3.398913333333333,5.506405029296875,617.2468131628452,11.39901,19.17525390625,594.4453959125009,0.8726909090909091,1.3991170987215908,623.7235031659156,,,,,,,,,,,,,,,,,,,,,,,,,,,,,,,,,,,,
llama3.1_8b_prefill_compiled_bf16,llama3.1_8b_prefill_b16_s512,7.267437791026016,5.90311332391115,6.471780848081302,1.7905128529961107,8.262293701077413,23.46627994520707,2.5287506103515627,5.663195274261604,5.663195274261604,16.198842154181055,True,0.2717502667682927,0.6020157925675556,451.4005614525438,0.1149399999999999,0.2269025660272854,506.54655635407306,1.5007916666666667,2.5287506103515627,593.4759049221055,1.4570585714285715,2.452371651785714,594.1260679509003,0.1199856,0.2009414388020833,597.0963786971178,0.4287571428571428,0.7269868396577381,589.7497002300491,0.4290076190476191,0.7287315150669643,588.6865159521801,1.460832857142857,2.454050467354911,595.2572189813424,0.1199896,0.2009485188802083,597.0988798037641,,,,,,,,,,,,,,,,,,,,,,,,,,,,,,,,,,,,
llama3.1_8b_prefill_compiled_bf16,llama3.1_8b_prefill_b1_s1024,1.1305638408363494,0.9019270988116036,0.997876634647058,0.2012127061712973,1.1990893408183552,3.8881701783981386,0.4078076831714527,1.3981013333333334,1.3981013333333334,2.757606337561789,True,0.0519854852484472,0.1078677797021332,481.9371029235999,0.02867,0.0476141859609869,602.1135814154175,0.2438935135135135,0.4078076831714527,598.0412565191247,0.1999924444444444,0.3335485297309027,599.5685618714267,0.0188680049261083,0.0369535218788485,510.5720648434051,0.0697812403100775,0.1169436337966327,596.6867563553403,0.0697365116279069,0.1167549831183381,597.2590758572355,0.2001888888888889,0.3335755750868056,600.1141593766863,0.0188110098522167,0.0369913486424338,508.5061363379153,,,,,,,,,,,,,,,,,,,,,,,,,,,,,,,,,,,,
llama3.1_8b_prefill_compiled_bf16,llama3.1_8b_prefill_b1_s2048,2.414847880139492,1.8775293472758223,1.999542915818096,0.6825538858495688,2.6820968016676643,10.732182979423287,0.6509587097167969,5.663195274261604,5.663195274261604,8.317335099283797,True,0.2993791688061617,0.5672658678870146,527.7581214630574,0.0945441558441558,0.1956523310673701,483.1992713794575,0.4001016666666667,0.6509587097167969,614.6014859211382,0.3839348,0.6101099609375,629.2672218608985,0.03610404,0.06112474609375,590.6432595875419,0.1168954545454545,0.1954583819500811,598.0410257060933,0.1232443589743589,0.1954026285807291,630.6931006260314,0.3842768,0.61002626953125,629.9167354738491,0.0390489024390243,0.0612168574139354,637.8607538272175,,,,,,,,,,,,,,,,,,,,,,,,,,,,,,,,,,,,
llama3.1_8b_prefill_compiled_bf16,llama3.1_8b_prefill_b1_s4096,6.2138878952303,4.367860766178105,4.925194106118338,2.232687452615568,7.157881558733906,34.049764210232254,2.2268696455522017,22.55760134453781,22.55760134453781,27.83587631500195,True,1.1281783636363638,2.2268696455522017,506.6207471504723,0.3972695238095238,0.7449376278831845,533.2700353159422,0.8007283333333334,1.3198523966471354,606.6591554374573,0.738546923076923,1.2077764423076922,611.4737058610262,0.0703010156249999,0.1173040103912353,599.2850979203216,0.2143204761904761,0.3572997465587798,599.8165995702776,0.2095383720930232,0.3566116403978924,587.5639771041322,0.7386684615384616,1.2083168381911058,611.3031879322644,0.070309296875,0.1176731300354003,597.4790912627722,,,,,,,,,,,,,,,,,,,,,,,,,,,,,,,,,,,,
llama3.1_8b_prefill_compiled_bf16,llama3.1_8b_prefill_b1_s512,0.5589397777735474,0.4589984404084614,0.5050987220611184,0.0730947754287026,0.5781934974898211,1.6297630317243743,0.2018983561197916,0.3569620425531914,0.3569620425531914,1.0708232539508271,True,0.0136010335436946,0.0241586314462158,562.9885771457931,0.0068954005934718,0.014843268238826,464.53104143709936,0.1206378666666666,0.2018983561197916,597.5004554180384,0.1115957142857142,0.1950582449776785,572.0950132822118,0.0102854925775978,0.019323552552505,532.248006211961,0.0363727016129032,0.0615423288652973,590.985404586299,0.0372085123966942,0.0614036270015495,605.9278618381111,0.1119136363636363,0.1950935661018668,573.6141733684883,0.0104880823680823,0.0193129263820181,543.0382462410596,,,,,,,,,,,,,,,,,,,,,,,,,,,,,,,,,,,,
llama3.1_8b_prefill_compiled_bf16,llama3.1_8b_prefill_b4_s1024,4.034239659369049,3.2470376200521045,3.5354038210228573,0.972114551239568,4.5075183722624255,14.975709904094789,1.320875752766927,5.663195274261604,5.663195274261604,10.94147024472574,True,0.2817981071796633,0.581957348607652,484.2246736017212,0.1095968493150685,0.2068509036547517,529.8183106311675,0.80036,1.320875752766927,605.9098673623971,0.7384038461538461,1.2096732271634616,610.3998451955175,0.070311484375,0.1178905200958252,596.3961152122316,0.223316976744186,0.3569940043604651,625.5301051563282,0.2144185714285714,0.3573890613374256,599.9426118782027,0.7385207692307693,1.2101725886418269,610.2364279694253,0.070311015625,0.1179405689239501,596.1399360029337,,,,,,,,,,,,,,,,,,,,,,,,,,,,,,,,,,,,
llama3.1_8b_prefill_compiled_bf16,llama3.1_8b_prefill_b4_s2048,9.462082573043048,7.062844729984051,7.532117539361037,3.0510857543721106,10.583203293733147,42.55533079750031,2.525133666992188,22.55760134453781,22.55760134453781,33.09324822445726,True,1.1533822966507177,2.267022956227572,508.76515982440594,0.3986205,0.7640552978515625,521.7013198178532,1.4998116666666663,2.525133666992188,593.934816219559,1.456232857142857,2.435046909877232,598.0131379401201,0.1200666666666666,0.200343896484375,599.2785140502053,0.4286338095238095,0.7262354678199405,590.1948063103744,0.4289266666666667,0.727459716796875,589.6053593535131,1.4571,2.4521754673549108,594.1888183202375,0.1200702666666666,0.200444970703125,599.0021982774022,,,,,,,,,,,,,,,,,,,,,,,,,,,,,,,,,,,,
llama3.1_8b_prefill_compiled_bf16,llama3.1_8b_prefill_b4_s4096,24.459017718690816,16.931675288617885,19.17649235806832,9.620376979986812,28.796869338055128,135.76797367992418,8.880397298177083,90.23040537815126,90.23040537815126,111.30895596123338,True,4.570012666666667,8.880397298177083,514.6180416505433,1.4346283333333334,2.9409395345052083,487.7991806792445,3.0023566666666666,5.034891357421875,596.2907034332359,2.9988900000000003,4.842692260742187,619.2445183539194,0.219580243902439,0.3685355135289634,595.8011943565002,0.8187027272727273,1.3761436878551137,594.9038787908447,0.8183772727272728,1.3784292879971591,593.684309266596,2.8493425,4.848216552734375,587.6806721607416,0.2197848780487805,0.368506425066692,596.399972674711,,,,,,,,,,,,,,,,,,,,,,,,,,,,,,,,,,,,
llama3.1_8b_prefill_compiled_bf16,llama3.1_8b_prefill_b4_s512,1.814956245555424,1.5089813215432566,1.6578639434185003,0.3475464367615687,2.005410380180069,5.86719740391095,0.6508323669433593,1.3981013333333334,1.3981013333333334,4.052241158355527,True,0.0543048556440956,0.1124139917790901,483.0791504211732,0.0265971974522293,0.0478286412718949,556.076541057854,0.4002458333333333,0.6508323669433593,614.9560328890531,0.360414,0.6111814453125,589.6855199896478,0.0367297959183673,0.0614096281090561,598.094933241422,0.1170381818181818,0.1958310293222402,597.6280410966158,0.11685,0.1961936732700893,595.5675642335797,0.3598924,0.61185654296875,588.1825425946054,0.0369090573770491,0.0614412751745005,600.7036678786403,,,,,,,,,,,,,,,,,,,,,,,,,,,,,,,,,,,,
llama3.1_8b_prefill_compiled_bf16,llama3.1_8b_prefill_b8_s1024,8.024695113945906,6.301502245903046,6.840528488916523,2.2114196480041106,9.051948136920634,29.86288750965483,2.539884236653646,11.302545515789474,11.302545515789474,21.838192395708923,True,0.5473736507936509,1.160488741435702,471.6751065731719,0.2448389189189189,0.4067077966638514,601.9835374353058,1.4996,2.539884236653646,590.3117051719684,1.45799,2.457218191964286,593.33085210847,0.1199209333333333,0.2010348958333333,596.5005873593608,0.4285252380952381,0.7299026343936011,587.06739910461,0.4284919047619047,0.7304935128348214,586.5635725631912,1.45477,2.453512834821429,592.8727947657081,0.1199916,0.2013543294270833,595.9074103528003,,,,,,,,,,,,,,,,,,,,,,,,,,,,,,,,,,,,
llama3.1_8b_prefill_compiled_bf16,llama3.1_8b_prefill_b8_s2048,18.714814784194484,14.059204166297118,15.011955526736918,6.201583012370811,21.21353853910773,84.90856805635224,5.054078369140625,45.11520268907563,45.11520268907563,66.19375327215775,True,2.266941666666667,4.505334309895833,503.1683579368121,0.754499,1.5281417236328123,493.7213797540677,3.002683333333333,5.054078369140625,594.0843039656048,2.8497250000000003,4.859886779785156,586.3554393293832,0.2194363414634146,0.3699264600800305,593.1693452605,0.8731454545454546,1.381507901278409,632.0058708001058,0.8733572727272727,1.3853005149147728,630.405243904285,2.99982,4.860451965332032,617.1535326057325,0.2195960975609756,0.369824843988186,593.7500247191373,,,,,,,,,,,,,,,,,,,,,,,,,,,,,,,,,,,,
llama3.1_8b_prefill_compiled_bf16,llama3.1_8b_prefill_b8_s4096,42.982950719884926,30.363354707207208,32.74214521191021,19.657365787685624,52.39951099959583,265.0873690854748,11.88404874234586,179.70574460251046,179.70574460251046,222.10441836558985,True,5.691177207207207,11.88404874234586,478.8921124942973,3.03636,5.912642415364584,513.5139731306638,6.002820000000001,10.0496826171875,597.2908501459167,5.70257,9.609586181640625,593.3952617311045,0.4803,0.750851806640625,639.6528688263099,1.5996483333333331,2.7512255859375,581.4062867598392,1.7009816666666668,2.7620225016276043,615.8094402010358,5.69974,9.623328857421876,592.2677702799574,0.4497575,0.7510387573242188,598.8232604904646,,,,,,,,,,,,,,,,,,,,,,,,,,,,,,,,,,,,
llama3.1_8b_prefill_compiled_bf16,llama3.1_8b_prefill_b8_s512,3.6732888915596087,3.037523500614773,3.344160618487636,0.7315963826635679,4.075757001151204,11.74776652869041,1.3262286376953123,2.796202666666667,2.796202666666667,8.074477637130801,True,0.1274220998475609,0.3009592216770823,423.3865941621818,0.0582956153846153,0.1159261005108173,502.8540704014898,0.7997,1.3262286376953123,602.972433928758,0.738643076923077,1.2122722919170672,609.2816760974803,0.0708615748031496,0.1181782880167322,599.5973689327866,0.2142471428571428,0.3577900623139881,598.7909495844858,0.2142845238095238,0.3581649925595238,598.2614460428531,0.7384392307692308,1.214219876802885,608.1437637135526,0.0756302362204724,0.1181600928118848,640.0501655394514,,,,,,,,,,,,,,,,,,,,,,,,,,,,,,,,,,,,
mobilenet_v3_small_compiled_bf16,mobilenet_v3_small_b1,0.0253241438941489,0.0032195614841728,0.0040518651476644,0.0015439908492456,0.0055958559969101,0.0808952166679395,0.0087639561721256,0.0205091680559081,0.0205091680559081,0.0555710727737905,True,,,,,,,,,,,,,,,,,,,,,,,,,,,,0.0002362811165566,0.0023384479262073,101.03263291141064,0.0011015334356398,0.0087639561721256,125.68264641078396,0.0006074907735812,0.0045038216684493,134.87568160611283,0.0007314191158374,0.0048690990974079,150.19807092458998,0.0005428370425575,0.0048488190299586,111.94256976696352,,,,,,,,,,,,,,,,,,,,,
mobilenet_v3_small_compiled_bf16,mobilenet_v3_small_b16,0.0422652099829041,0.0136608823303919,0.0148293805960492,0.0097291157672964,0.0245584963633457,0.2871954671549093,0.0136463676217247,0.1617574789220916,0.1617574789220916,0.2449302571720051,True,,,,,,,,,,,,,,,,,,,,,,,,,,,,0.0001473311777189,0.0014445084755814,101.98825402845154,0.0024878280641804,0.0096416979855486,258.0168031362311,0.0039985413839891,0.0101869837270501,392.4546971591657,0.0052587840290381,0.0136463676217247,385.3389969104064,0.0017683976754652,0.0073456521729991,240.63152132269,,,,,,,,,,,,,,,,,,,,,
mobilenet_v3_small_compiled_bf16,mobilenet_v3_small_b4,0.0292718647111444,0.0058050504746298,0.0066897469919622,0.0032913448108236,0.0099810918027858,0.1242276008626413,0.0097863574637059,0.0488927854329749,0.0488927854329749,0.0949557361514969,True,,,,,,,,,,,,,,,,,,,,,,,,,,,,0.0001651856570965,0.001653109527872,99.92041563319074,0.0017944444444444,0.0097863574637059,183.3586810350615,0.0014297418275167,0.0061259416915011,233.38680631563145,0.0017259635236641,0.006965193149842,247.7902924415592,0.000689715021908,0.0047412628782232,145.46774405373915,,,,,,,,,,,,,,,,,,,,,
mobilenet_v3_small_compiled_bf16,mobilenet_v3_small_b8,0.0342435722792039,0.0090342338075187,0.0097959560268154,0.0054537129414792,0.0152496689682947,0.1827973345598183,0.0102341465416041,0.0871782719332675,0.0871782719332675,0.1485537622806144,True,,,,,,,,,,,,,,,,,,,,,,,,,,,,0.0001461131277627,0.0014412562364679,101.37551464193376,0.0015264697957644,0.0080865138755338,188.75614380723,0.0034396399604992,0.0081001375565428,424.62715424578505,0.0027075103384481,0.0102341465416041,264.5511383600866,0.0012145005850441,0.0063815180690551,190.26304602244625,,,,,,,,,,,,,,,,,,,,,
qwen3_235b_a22b_decode_compiled_bf16,qwen3_235b_a22b_decode_b16_kv1024,0.4994478318486194,1.000791959477214,1.061308121416464,0.0077379159586754,1.0690460373751394,0.676240499947545,0.2072133169758412,0.2072133169758412,0.0532272081218274,0.1767926680989256,False,0.0017845039022432,0.0058013067392202,307.6037835026008,0.0019303402164592,0.008689817601735,222.13320673163025,,,,,,,0.0021160723514211,0.0103346236407192,204.7455561606365,0.0155638390092879,0.0465674848526993,334.2138049075584,0.0171361585365853,0.0457553993783346,374.5088643129213,,,,0.0021113321858864,0.0103337986432336,204.3087964416016,,,,,,,,,,,,,,,,0.4809840207075065,0.2072133169758412,290.14290079574664,0.4783439274924471,0.1812825865039652,329.8245958093958,0.0008217650753768,0.0041379197968236,198.58769654496768,,,,,,,,,,,,
qwen3_235b_a22b_decode_compiled_bf16,qwen3_235b_a22b_decode_b16_kv2048,0.496757646487584,1.0082511139593755,1.0675782170462482,0.0096169641506754,1.0771951811969236,0.7201874874170632,0.2039775714209855,0.2039775714209855,0.0998643809523809,0.2234298409294791,False,0.0036649890275298,0.0093575675160314,391.6604418029582,0.0027292191678977,0.0072456325019808,376.6605996109736,,,,,,,0.0021213149741824,0.0103290528184165,205.36979442480376,0.0149616099071207,0.0464442883187403,322.13398981705063,0.0165927134146341,0.0457021201529153,363.0531674082421,,,,0.0021189879518072,0.0103313748857035,205.0980175831237,,,,,,,,,,,,,,,,0.4980352761257434,0.2039775714209855,305.1939256662479,0.4671865566391598,0.179897435296324,324.6127685251975,0.0008404467513003,0.0041330312806063,203.3389588545101,,,,,,,,,,,,
qwen3_235b_a22b_decode_compiled_bf16,qwen3_235b_a22b_decode_b16_kv4096,0.5042397089009999,0.9850866843299698,1.0440802157037274,0.0134086149666754,1.057488830670403,0.8125762701996839,0.2039839933358113,0.2039839933358113,0.1847711013215859,0.3083365612986841,False,0.0065425969183676,0.0142025140502091,460.6647031108781,0.0046096763317599,0.0101196412532135,455.5058744745693,,,,,,,0.0022752398968185,0.0103228844784501,220.39967212227089,0.0145367592592592,0.0463955462420428,313.31552108813355,0.0160046200607902,0.0456146147475778,350.8582986189558,,,,0.0021334457831325,0.0103259827815727,206.6048483710288,,,,,,,,,,,,,,,,0.4691401189464741,0.2039839933358113,287.4785221714039,0.46912,0.1799425482571214,325.8719971813182,0.0007242271333673,0.0039808510150236,181.9219945584846,,,,,,,,,,,,
qwen3_235b_a22b_decode_compiled_bf16,qwen3_235b_a22b_decode_b16_kv512,0.496049769561781,1.0992842285653512,1.1605435473073342,0.0069493868066754,1.1674929341140097,0.657064372396022,0.2086702388743455,0.2086702388743455,0.0374491428571428,0.161014602834241,False,0.0011990464894484,0.0043014147423071,278.75630723424183,0.0011962906048576,0.0040001286461751,299.0560459676336,,,,,,,0.0021115800344234,0.0103305109388446,204.397980621396,0.0155301547987616,0.0465669935480359,333.4937734384385,0.0171500304878048,0.0457646067549542,374.7358293454269,,,,0.002108413080895,0.0103336751021944,204.0291768733668,,,,,,,,,,,,,,,,0.5302986387434555,0.2086702388743455,317.6585245991077,0.5288807920792079,0.1826058971582254,362.0236550547292,0.0008092822464967,0.0041404898377374,195.45141498622647,,,,,,,,,,,,
qwen3_235b_a22b_decode_compiled_bf16,qwen3_235b_a22b_decode_b1_kv1024,0.1326175858224461,0.1108106686716413,0.1237797491343525,0.0015989247999999,0.1253786739343526,0.2138252048700651,0.0485131796559979,0.0485131796559979,0.0156038095238095,0.081207619047619,False,0.0005145742227885,0.0035822035706478,143.64739821179086,0.000624021810471,0.004219438008641,147.88663330522334,,,,,,,0.0019924191374663,0.0078992554440973,252.22316011089129,0.0190761538461538,0.0481923499474158,395.8245913835008,0.0179746451612903,0.0485131796559979,370.5011381485459,,,,0.0019702072811447,0.0078999875771878,249.38663298762276,,,,,,,,,,,,,,,,0.0345263930131004,0.0131006968135917,329.4153334539397,0.0334102961275626,0.0113876549004603,366.7286723694695,0.0007219580716633,0.0036220629256913,199.3167205108787,,,,,,,,,,,,
qwen3_235b_a22b_decode_compiled_bf16,qwen3_235b_a22b_decode_b1_kv2048,0.1336982882042252,0.1123424483751024,0.1252685707356989,0.0017121710079999,0.1269807417436989,0.2170145301604671,0.0485287603977042,0.0485287603977042,0.0177124324324324,0.0833162419562419,False,0.0007686618541419,0.0044156801601681,174.0755277240687,0.0008164948636937,0.0044474947627153,183.5796626417772,,,,,,,0.001948608069407,0.0079073154058739,246.42479837819369,0.0202491346153846,0.0481956168932792,420.1346055502562,0.0181374757281553,0.0485287603977042,373.7377627983179,,,,0.00193920569407,0.0079060764004278,245.2745811681732,,,,,,,,,,,,,,,,0.0344272489082969,0.0130993940195141,328.50780695319,0.0333375246772968,0.0113881730272992,365.9142398439144,0.0007180939646558,0.0036231689435447,198.18965941083417,,,,,,,,,,,,
qwen3_235b_a22b_decode_compiled_bf16,qwen3_235b_a22b_decode_b1_kv4096,0.13555804605054,0.1141625942174285,0.1270718953735158,0.0019260805119999,0.1289979758855158,0.2230071889076829,0.0486949972504551,0.0486949972504551,0.0218453333333333,0.0874491428571428,False,0.0011223337246903,0.0056318915274137,199.2818432718961,0.0013800283537125,0.0049229730166963,280.3180347712938,,,,,,,0.001931701248313,0.0079109311586449,244.17484314394403,0.020227532051282,0.048193860176282,419.7015433598433,0.0192442718446601,0.0486949972504551,395.1879470206735,,,,0.0019249905111336,0.0079126390207473,243.26268280591825,,,,,,,,,,,,,,,,0.0343506724890829,0.0131035945176037,327.67624183848733,0.033265178435839,0.0113878643757118,365.1301277378898,0.0007158855587146,0.0036228651863772,197.5946822817861,,,,,,,,,,,,
qwen3_235b_a22b_decode_compiled_bf16,qwen3_235b_a22b_decode_b1_kv512,0.1315940944245118,0.1023271340489439,0.1153348487272447,0.001567991808,0.1169028405352447,0.2128017134721309,0.048421650548135,0.048421650548135,0.0156038095238095,0.081207619047619,False,0.000400452358591,0.0031227946493535,128.23525193175996,0.0005252333818855,0.0041463910523107,126.6689955788812,,,,,,,0.0017145688750806,0.0075699952127396,226.4885804406917,0.0175649840255591,0.0479530953599241,366.2875418117508,0.0180895161290322,0.048421650548135,373.5748581301437,,,,0.0017082845787604,0.0075704391115014,225.64556210341635,,,,,,,,,,,,,,,,0.0316142160278745,0.0129875975286503,304.265373867051,0.0299680966767371,0.0113367280066913,330.42500519809334,0.000741781995423,0.0036258372794465,204.57594581835173,,,,,,,,,,,,
qwen3_235b_a22b_decode_compiled_bf16,qwen3_235b_a22b_decode_b4_kv1024,0.2065418077529857,0.3098624735555093,0.3210693180752811,0.0038272780891888,0.3248965961644699,0.3120745541128202,0.0523991155499454,0.0523991155499454,0.0218453333333333,0.1055327463598344,False,0.0010499497560535,0.0038592499026844,272.0605771922705,0.0011472803595155,0.0063630825307424,180.29831560900453,,,,,,,0.0017691926194539,0.0080042738149597,221.02495730756087,0.016790250783699,0.0470797452059659,356.62621106458846,0.0170454828660436,0.0468238863841024,364.0264922159088,,,,0.0017674541382252,0.0080049690533009,220.78968984211377,,,,,,,,,,,,,,,,0.1366637554585152,0.0523991155499454,326.00799762407064,0.1328826829268292,0.0457341636099466,363.1853410883359,0.0007464246471738,0.0042825645695984,174.28826184845423,,,,,,,,,,,,
qwen3_235b_a22b_decode_compiled_bf16,qwen3_235b_a22b_decode_b4_kv2048,0.2068243014438581,0.3118312546202464,0.323028226530174,0.0044018977371888,0.3274301242673628,0.3279608573275021,0.0524055762145196,0.0524055762145196,0.0374491428571428,0.1211365558836439,False,0.001776787071589,0.0054452065417513,326.3029708727144,0.0012397526228305,0.005060240757398,244.9908890806576,,,,,,,0.0017727282423208,0.0080018255084041,221.53525927145049,0.0168247335423197,0.0470784747563185,357.36760357441045,0.0170614018691588,0.046820558922313,364.3897522906109,,,,0.0017695419228142,0.0080024609800244,221.12033067719344,,,,,,,,,,,,,,,,0.1373196855895196,0.0524055762145196,327.5335188815396,0.1333195121951219,0.0457331141029916,364.3859821749446,0.0007471115645715,0.0042811301485657,174.50442025685882,,,,,,,,,,,,
qwen3_235b_a22b_decode_compiled_bf16,qwen3_235b_a22b_decode_b4_kv4096,0.2094857201951196,0.3138440228689377,0.3249262024475517,0.0051904268891888,0.3301166293367406,0.3464003413434482,0.0524183994609716,0.0532272081218274,0.0532272081218274,0.1369146211483285,True,0.0024242169428981,0.0068573260198951,353.522194491667,0.0019234651742857,0.0062983517056202,305.38422445314734,,,,,,,0.0017733468430034,0.0080038252950935,221.55763120311957,0.0168371159874608,0.047078681395719,357.6301899257302,0.0170748598130841,0.0468223538502725,364.6651182802728,,,,0.0017720340249316,0.008005392355997,221.3500252746712,,,,,,,,,,,,,,,,0.1375343231441048,0.0524183994609716,327.9647994080224,0.1337568292682927,0.0457274683510384,365.6267697493471,0.0007478316708763,0.0042831394116025,174.5932742084506,,,,,,,,,,,,
qwen3_235b_a22b_decode_compiled_bf16,qwen3_235b_a22b_decode_b4_kv512,0.2045644440505028,0.3085800898581083,0.3198845949681791,0.0036133685851888,0.323497963553368,0.3059642895094363,0.052420318470251,0.052420318470251,0.0177124324324324,0.1013998454589335,False,0.0008681895488987,0.003983138144759,217.96621591975563,0.0006265549383612,0.0041980663040892,149.24221355670062,,,,,,,0.0017724082764505,0.0080023586546601,221.4815384024045,0.0167856112852664,0.0470799059254996,356.5270187491766,0.0170591588785046,0.0468574462130062,364.0551620096089,,,,0.0017710377559726,0.008004838858855,221.2385510259763,,,,,,,,,,,,,,,,0.1363513013100436,0.052420318470251,325.13044537602457,0.1326036585365853,0.0457395637326124,362.380128283264,0.0007421693280248,0.0042860052602851,173.15731618466245,,,,,,,,,,,,
qwen3_235b_a22b_decode_compiled_bf16,qwen3_235b_a22b_decode_b8_kv1024,0.304041734746356,0.599152068747343,0.6270636698358252,0.0057308749494278,0.632794544785253,0.4419414923074048,0.1048305131004366,0.1048305131004366,0.0374491428571428,0.1378997575610488,False,0.0014071136368057,0.004656325148139,302.1940246952305,0.0014462648448474,0.0063925338340476,226.23750157404805,,,,,,,0.0021355761186785,0.0095863358119739,222.7685317814069,0.015183086419753,0.04641439932364,327.112948134245,0.0169950764525993,0.0459978408113532,369.4679561545988,,,,0.0020019557214439,0.0095887453793284,208.7768910814192,,,,,,,,,,,,,,,,0.2745879475982533,0.1048305131004366,327.4109368758939,0.2846263414634146,0.0914608094750381,388.98974799473183,0.0007687064915469,0.0042893130537013,179.2090036928323,,,,,,,,,,,,
qwen3_235b_a22b_decode_compiled_bf16,qwen3_235b_a22b_decode_b8_kv2048,0.305599323173611,0.5860720736401505,0.6139032216373168,0.0065194041014278,0.6204226257387446,0.4592771459993444,0.1048046193280977,0.1048046193280977,0.0532272081218274,0.1536778228257333,False,0.0024964925365441,0.0069837865063325,357.4697671929744,0.0019880376166058,0.0056660346022689,350.85703447096705,,,,,,,0.0020046043514633,0.0095842614328489,209.1516902182818,0.0152287962962962,0.0464177185812114,328.07433546556683,0.0170188073394495,0.0459991548404052,369.9714496933384,,,,0.0020046656099805,0.0095880338538337,209.0759272252538,,,,,,,,,,,,,,,,0.2761264921465968,0.1048046193280977,329.3272029682511,0.26842662604722,0.0914431481459444,366.9126078387344,0.0007775516959938,0.0042848611693507,181.45929719433943,,,,,,,,,,,,
qwen3_235b_a22b_decode_compiled_bf16,qwen3_235b_a22b_decode_b8_kv4096,0.3076604597571303,0.5582255905237424,0.5858253814546237,0.0083984522934278,0.5942238337480515,0.5079754554134173,0.104461706138198,0.104461706138198,0.0998643809523809,0.2003149956562869,False,0.0038724408586998,0.0086720820395906,446.5410775660343,0.0026418245064213,0.0070809463889952,373.0785861405992,,,,,,,0.0020112777873568,0.0095815961557995,209.90575033009392,0.0153262037037037,0.0464214183666088,330.1469535034582,0.0170306116207951,0.0459978893408352,370.2369023333897,,,,0.0020092800899887,0.009584611977935,209.6319354252764,,,,,,,,,,,,,,,,0.2686162652705061,0.104461706138198,321.4214895484742,0.2459315765422696,0.0907442700399847,338.76064418522327,0.000786110144001,0.0042821474429175,183.57185039758235,,,,,,,,,,,,
qwen3_235b_a22b_decode_compiled_bf16,qwen3_235b_a22b_decode_b8_kv512,0.3010508638920327,0.5780021048155711,0.6060399754241871,0.0051562553014278,0.6111962307256149,0.423346811929272,0.1048100180813318,0.1048100180813318,0.0218453333333333,0.1222959480372392,False,0.0009763750106854,0.0037051542001738,263.5180502446107,0.0007857065155158,0.0043025511367397,182.6102302314987,,,,,,,0.0020051385622251,0.0095862815662668,209.16255321012105,0.0151604012345679,0.0464154994634934,326.6175572520437,0.0170495092024539,0.0460532234051476,370.2045857155102,,,,0.0020032211882605,0.0095892259711099,208.8985810196843,,,,,,,,,,,,,,,,0.2734733973799126,0.1048100180813318,326.1471093900526,0.2657829268292683,0.0914789934856135,363.16552350680166,0.0007654288926812,0.0042854241195325,178.60671409826506,,,,,,,,,,,,
qwen3_235b_a22b_prefill_compiled_bf16,qwen3_235b_a22b_prefill_b16_s1024,13.900243185403278,15.388220314336348,16.62028895353927,7.312346969642256,23.932635923181525,106.97616552605731,4.634943508572048,45.11520268907563,45.11520268907563,93.07592234065405,True,2.199716111111111,4.634943508572048,474.5939420929012,0.960907,1.614166259765625,595.2811146709594,,,,,,,0.1306186956521739,0.2174478812839674,600.6626609295666,1.8010933333333332,2.954342651367188,609.6212969402475,1.6993633333333331,2.8057377115885416,605.6504188329772,,,,0.1305714492753623,0.2174974170629529,600.3195685146112,,,,,,,,,,,,,,,,3.58159900621118,0.7470927552406832,599.2424813810165,4.83097711790393,1.0478781727620088,576.2634310373044,0.0533742675159235,0.0960821261071855,555.4853047549545,,,,,,,,,,,,
qwen3_235b_a22b_prefill_compiled_bf16,qwen3_235b_a22b_prefill_b16_s2048,32.60772287512098,30.48623439552872,33.785733491107166,21.67031935291651,55.45605284402368,308.2931170736677,11.855024062148086,179.70574460251046,179.70574460251046,275.6853941985467,True,6.38619009009009,11.855024062148086,538.6906054860369,3.2592666666666665,6.1115087890625,533.2823201419073,,,,,,,0.2307451282051281,0.3828338779547275,602.7118062334463,3.4071766666666665,5.905024007161458,576.9772010362091,3.4000833333333333,5.639686279296875,602.8443622799934,,,,0.2308048717948718,0.3824576822916666,603.4637192006858,,,,,,,,,,,,,,,,5.977122487046633,1.2517922198834197,596.8375785679274,7.4809161643835616,1.653171821489726,565.6339317036485,0.1139289873417721,0.1915156960789161,594.8669941843817,,,,,,,,,,,,
qwen3_235b_a22b_prefill_compiled_bf16,qwen3_235b_a22b_prefill_b16_s4096,142.63332253629545,101.95300971373024,129.8139536566282,70.42151273642996,200.23546639305812,1050.2483063185748,84.85620361328125,715.8278826666667,715.8278826666667,907.6149837822792,True,43.35797,84.85620361328125,510.95816397345686,14.40251,23.6713525390625,608.4231442728674,,,,,,,0.60030375,0.9700178527832032,618.8480321247342,8.69822,14.672425537109374,592.8164928093597,8.098725,13.628125,594.2557245693871,,,,0.56234125,0.9704045104980468,579.4805284949663,,,,,,,,,,,,,,,,11.426040396039603,2.375318881497525,601.2769899600028,14.587414683544305,3.0578681269778483,596.29334458937,0.2194846341463414,0.3720288383669969,589.9536893492109,,,,,,,,,,,,
qwen3_235b_a22b_prefill_compiled_bf16,qwen3_235b_a22b_prefill_b16_s512,5.399213937524696,6.537430779172481,6.880303032288063,2.722308360587085,9.602611392875149,40.61811175469947,1.473209783380682,11.302545515789474,11.302545515789474,35.21889781717478,True,0.5527882886904761,1.203255353655134,459.4106205397456,0.2670573529411765,0.4489541446461397,594.829836111385,,,,,,,0.0714394444444444,0.1201309349423363,594.6648316049137,0.8736209090909091,1.473209783380682,592.9911955866978,0.8725990909090909,1.3857719282670455,629.6652643470188,,,,0.07203464,0.120159775390625,599.4530738482914,,,,,,,,,,,,,,,,1.827246097152429,0.402372866938861,567.6341812722036,1.9705808695652167,0.4354940486299818,565.6023892562492,0.0300640863787375,0.0501558120068521,599.3975673200459,,,,,,,,,,,,
qwen3_235b_a22b_prefill_compiled_bf16,qwen3_235b_a22b_prefill_b1_s1024,1.4956444940999414,1.830474836345941,1.946205088254589,0.3586975340694359,2.304902622324025,7.306205398602376,0.4563604295389734,2.796202666666667,2.796202666666667,5.810560904502435,True,0.1309603767181401,0.2887270621534885,453.57846175333947,0.0556152447552447,0.105110665701486,529.0843620964316,,,,,,,0.0111712068965517,0.0199044289829244,561.2301598683978,0.1363587878787878,0.2296887022076231,593.6528984724359,0.1184634210526315,0.1990155993009868,595.2290003898136,,,,0.011195424403183,0.0199115670201632,562.2441507666673,,,,,,,,,,,,,,,,0.5460521858864028,0.2065073687607573,330.5206827580195,0.8160146007604563,0.4563604295389734,223.50632267238987,0.0046435879945429,0.010234666436626,453.68956001521775,,,,,,,,,,,,
qwen3_235b_a22b_prefill_compiled_bf16,qwen3_235b_a22b_prefill_b1_s2048,2.796025435401374,2.8898772290856245,3.222157530850175,1.211930146938363,4.434087677788538,20.07854087066422,1.139387568041197,11.302545515789474,11.302545515789474,17.282515435262848,True,0.6145321052631578,1.139387568041197,539.3530019988232,0.19003875,0.3823377380371093,497.03249100840594,,,,,,,0.0198188118811881,0.0372343731870745,532.2589295365881,0.225024,0.3780778503417968,595.1626730982046,0.2142169047619047,0.3625401669456845,590.8623656745307,,,,0.0199180148883374,0.0372215979034196,535.1066953134537,,,,,,,,,,,,,,,,0.8237705441354292,0.2902842304640266,354.7169058923867,0.7748166037735849,0.2265384544516509,427.5204321834155,0.0077414943820224,0.0168594271199087,459.14960535794273,,,,,,,,,,,,
qwen3_235b_a22b_prefill_compiled_bf16,qwen3_235b_a22b_prefill_b1_s4096,8.049135367182139,6.391917822967517,7.8265183066031,4.251471846785232,12.077990153388331,65.13668681575143,4.450517333984375,45.11520268907563,45.11520268907563,57.0875514485693,True,2.258555666666666,4.450517333984375,507.4816020646008,0.7542327272727273,1.4735280539772728,511.843214279325,,,,,,,0.0375674166666666,0.0627299753824869,598.8625041124969,0.4580285714285714,0.7492320614769346,611.3163371377054,0.4285961904761904,0.7306366257440476,586.5888622916691,,,,0.0373734854771784,0.0627799158373314,595.2916490690139,,,,,,,,,,,,,,,,1.1567919191919191,0.3031842842487374,476.92091210473137,1.244521450777202,0.3108603869818653,500.4213945583826,0.016250395010395,0.0311766207689059,521.2240637151006,,,,,,,,,,,,
qwen3_235b_a22b_prefill_compiled_bf16,qwen3_235b_a22b_prefill_b1_s512,0.7187703409241465,1.2985616886297036,1.350579518781719,0.107352554890564,1.457932073672283,2.9753984867185155,0.211319717622139,0.7078994092827005,0.7078994092827005,2.256628145794369,True,0.0237403973860102,0.044339862047651,535.4188373544553,0.0150242358803986,0.0249798807036441,601.435932106552,,,,,,,0.0075623132969034,0.0136490318423411,554.0367016254501,0.070400546875,0.1181233406066894,595.9732130626016,0.0769441025641025,0.130591550647703,589.1613088646147,,,,0.0069751905626134,0.0135063046768659,516.4175434631278,,,,,,,,,,,,,,,,0.4868768437025796,0.1821148135195371,334.1746047037802,0.6082929577464788,0.211319717622139,359.8095495110608,0.0027451006156167,0.0073011757767826,375.9731955801152,,,,,,,,,,,,
qwen3_235b_a22b_prefill_compiled_bf16,qwen3_235b_a22b_prefill_b4_s1024,3.696910756391652,4.202193578221529,4.500098850047038,1.7109986912012316,6.211097541248269,26.9718050316748,1.160327405172681,11.302545515789474,11.302545515789474,23.274894275283145,True,0.5507577380952381,1.160327405172681,474.6571835156077,0.2603489189189189,0.4068225427576013,639.9413752258702,,,,,,,0.0376711715481171,0.0629369912885721,598.5376730504041,0.4502695,0.7519871826171876,598.7570176362876,0.4285466666666666,0.7324018205915178,585.1094987352482,,,,0.0373716597510373,0.0629817471959284,593.3583546748984,,,,,,,,,,,,,,,,1.163400404040404,0.3033121498184974,479.4438788232658,1.2575021761658032,0.3108726066628886,505.620330927894,0.016325343035343,0.0311870487712772,523.451859046814,,,,,,,,,,,,
qwen3_235b_a22b_prefill_compiled_bf16,qwen3_235b_a22b_prefill_b4_s2048,9.790604784148517,8.846743562122278,10.21975378460415,5.262781516171085,15.482535300775234,78.82215977460945,4.50469991048177,45.11520268907563,45.11520268907563,69.03155499046093,True,2.3895696666666666,4.50469991048177,530.4614545147595,0.772903,1.5273472900390626,506.0307779480717,,,,,,,0.07199344,0.120116533203125,599.3482961222091,0.8733709090909091,1.4773870294744318,591.1438493688112,0.8724527272727273,1.3927597878196023,626.4024305474899,,,,0.07197792,0.120239599609375,598.6063458659311,,,,,,,,,,,,,,,,1.8053939028475712,0.4023464981155779,560.8810372699608,1.958970434782609,0.4359418166893116,561.6933810749532,0.030111561461794,0.0501224515287583,600.7364420954806,,,,,,,,,,,,
qwen3_235b_a22b_prefill_compiled_bf16,qwen3_235b_a22b_prefill_b4_s4096,25.437272751808614,21.40626243167541,25.05107836361801,17.500009395754255,42.551087759372265,253.1037370058975,11.874182392842062,179.70574460251046,179.70574460251046,227.66646425408888,True,5.820993108108108,11.874182392842062,490.2226456970285,3.1101266666666665,5.919763590494791,525.367909604369,,,,,,,0.137074,0.2170550013950893,631.5019570099374,1.7999150000000002,2.9561000569661458,608.8678013018929,1.7007666666666668,2.7995808919270835,607.4940201791643,,,,0.130481884057971,0.2174041836503623,600.1651156772497,,,,,,,,,,,,,,,,3.5552316049382715,0.7429234784915123,598.1673963946881,5.098720698689956,1.0487972502729257,607.6691407804467,0.0529528025477707,0.0959250908140923,552.0087766349602,,,,,,,,,,,,
qwen3_235b_a22b_prefill_compiled_bf16,qwen3_235b_a22b_prefill_b4_s512,1.692081591910434,2.3281447002131643,2.4020331037732645,0.5505051833543628,2.952538287127627,10.468254178050476,0.3787409057617187,2.796202666666667,2.796202666666667,8.776172586140042,True,0.1365138490853658,0.3009520744695896,453.60660605501226,0.0594456153846153,0.1157663292518028,513.4846492967506,,,,,,,0.0200101488833746,0.0372927803437112,536.5559785430287,0.240081,0.3787409057617187,633.8572396808063,0.2284809523809524,0.362896001906622,629.5879494730714,,,,0.019985558312655,0.0373292560435406,535.3730013664148,,,,,,,,,,,,,,,,0.8361139540507859,0.2902407515870617,360.0865436587462,0.7797738243626062,0.2266284156633616,430.0842353696052,0.0077397977528089,0.0168571132702773,459.12920090613807,,,,,,,,,,,,
qwen3_235b_a22b_prefill_compiled_bf16,qwen3_235b_a22b_prefill_b8_s1024,6.8902800748454816,7.280149035235834,7.898478047898949,3.561974466955085,11.460452514854031,53.3642337207686,2.319033986101247,22.55760134453781,22.55760134453781,46.47395364592312,True,1.112654797979798,2.319033986101247,479.7923638240378,0.4737615789473684,0.809612458881579,585.1511833402874,,,,,,,0.07200208,0.120171513671875,599.1467284014182,0.9263318181818182,1.4802104048295457,625.7954611822959,0.8179572727272728,1.3931964666193182,587.0894104944383,,,,0.07198576,0.120209560546875,598.8214752122547,,,,,,,,,,,,,,,,1.80590418760469,0.4025269904208542,560.7865935962577,1.969481739130435,0.4355486441349637,565.2037687048431,0.0300698006644518,0.0501511238579734,599.5700368819007,,,,,,,,,,,,
qwen3_235b_a22b_prefill_compiled_bf16,qwen3_235b_a22b_prefill_b8_s2048,19.700462621430265,18.605118212178688,21.33984590626441,10.731140937258257,32.07098684352267,157.89158765115994,8.989675699869792,90.23040537815126,90.23040537815126,138.19112502972968,True,4.881399999999999,8.989675699869792,543.0006779967272,1.54319,3.0607060546875,504.1788095086632,,,,,,,0.137174,0.217411882672991,630.9236394381769,1.7997466666666666,2.9543715413411458,609.1674754308827,1.69977,2.806360066731771,605.6549660357877,,,,0.1287595714285714,0.2174802594866071,592.036742734212,,,,,,,,,,,,,,,,3.557688888888889,0.7441856553819445,597.5667415888873,4.804236855895197,1.0491022448144105,572.4086076649749,0.053152229299363,0.0960613586037022,553.3029769271212,,,,,,,,,,,,
qwen3_235b_a22b_prefill_compiled_bf16,qwen3_235b_a22b_prefill_b8_s4096,50.227499392522816,38.200344657533584,45.53286748211127,35.17369653154051,80.70656401365179,504.1210903218925,23.77065994262696,357.91394133333336,357.91394133333336,453.8935909293696,True,11.140550714285713,23.77065994262696,468.6681287425183,6.22953,11.837794189453126,526.2275793519689,,,,,,,0.24022475,0.3815241088867187,629.6288849027088,3.599473333333333,5.904468180338542,609.6035470041984,3.206033333333333,5.62634033203125,569.8077357029539,,,,0.225083,0.3819643249511719,589.261947361211,,,,,,,,,,,,,,,,5.9914622680412375,1.2438182586984536,602.1051010747116,7.446478904109589,1.6529224636130138,563.1119649903685,0.1215083544303797,0.1914960257614715,634.5054188690838,,,,,,,,,,,,
qwen3_235b_a22b_prefill_compiled_bf16,qwen3_235b_a22b_prefill_b8_s512,2.9599783766333423,3.843105156124428,4.008959095576137,1.2900918961932315,5.299050991769369,20.59552241038861,0.7524061889648438,5.663195274261604,5.663195274261604,17.635544033755274,True,0.273991737804878,0.6021724026377608,455.0054711984183,0.1180859701492537,0.2266666059351679,520.9552709698658,,,,,,,0.0376496234309623,0.0630284827324137,597.3230661577039,0.479738,0.7524061889648438,637.5880434222513,0.4570666666666667,0.7332500348772322,623.3280622157738,,,,0.0375562083333333,0.0630057423909505,596.0602007131839,,,,,,,,,,,,,,,,1.163718787878788,0.3033209043560606,479.56139256624266,1.2589894300518134,0.3109459500485751,506.0987796235502,0.0163087318087318,0.0312162898137019,522.4299447842424,,,,,,,,,,,,
qwen3_30b_a3b_decode_compiled_bf16,qwen3_30b_a3b_decode_b16_kv1024,0.2283629152088694,0.3481091572580037,0.3745649772941969,0.0058601938614278,0.3804251711556248,0.3662626727699183,0.0928039786846553,0.0928039786846553,0.0374491428571428,0.1378997575610488,False,0.0012824026174794,0.0050428908417731,254.29910297811497,0.0013918377765173,0.0085178988451857,163.3983063291909,,,,,,,0.0016163900886565,0.009482811509649,170.4521682406709,0.0047385821831869,0.0188055902382959,251.97258728285084,0.0038537553464499,0.0128358353744519,300.2294905869397,,,,0.0016147167285494,0.0094829695279743,170.27274282413714,,,,,,,,,,,,,,,,0.1572821911604985,0.0849607405726961,231.39975137447829,0.175620285281104,0.0928039786846553,236.5428693761361,0.0007089960755615,0.0053959806518112,131.39144492651036,,,,,,,,,,,,
qwen3_30b_a3b_decode_compiled_bf16,qwen3_30b_a3b_decode_b16_kv2048,0.2280833029631135,0.3420626748590495,0.3685150834746338,0.0066487230134278,0.3751638064880616,0.3817611257888469,0.0927645635365815,0.0927645635365815,0.0532272081218274,0.1536778228257333,False,0.0028884644039447,0.0076591654392991,377.1252138155969,0.0020918667552434,0.0056940382513701,367.3713584851226,,,,,,,0.0016148809072769,0.0094831922952718,170.28516522521934,0.0048131289111389,0.0187875362391465,256.18315732523286,0.0038552865697177,0.0128346543520102,300.377294508189,,,,0.0016132264908691,0.0094832740023083,170.1103210418991,,,,,,,,,,,,,,,,0.1582249958431064,0.0849232829265768,232.8880294991458,0.1662447018626098,0.0927645635365815,224.0098576754208,0.0007161231151424,0.0054200622181289,132.12251534451295,,,,,,,,,,,,
qwen3_30b_a3b_decode_compiled_bf16,qwen3_30b_a3b_decode_b16_kv4096,0.2313440884056553,0.3455167571725004,0.3718467812003502,0.0085277712054278,0.380374552405778,0.4316590840619422,0.0928245182545484,0.0998643809523809,0.0998643809523809,0.2003149956562869,True,0.0039807069424699,0.0091689876801082,434.1490120120831,0.0029889085324299,0.0073852478780268,404.7054072713536,,,,,,,0.0016204819277108,0.009482421474173,170.89050432469773,0.0049794987468671,0.0187954535998198,264.92686795539214,0.0038646963216424,0.0128403359993183,300.97635614155035,,,,0.0017259478164229,0.0094825093477783,182.0078079526353,,,,,,,,,,,,,,,,0.158756132572463,0.0849113142006442,233.70476512966528,0.1668818960982703,0.0928245182545484,224.7235458407108,0.0007184882142238,0.0054182307931894,132.60355583907355,,,,,,,,,,,,
qwen3_30b_a3b_decode_compiled_bf16,qwen3_30b_a3b_decode_b16_kv512,0.222414959165659,0.3358572823129553,0.3625826005332171,0.0052855742134278,0.3678681747466449,0.3447109072028983,0.0928085370260858,0.0928085370260858,0.0218453333333333,0.1222959480372392,False,0.0008942970702885,0.003702102299855,241.564656471973,0.0007889562024652,0.0039361724333284,200.43364489037523,,,,,,,0.0016185244121138,0.0094831329420472,170.67036218343003,0.0047378696741854,0.0187913371686051,252.12019018481777,0.0038649400684931,0.0128453001257491,300.8781045769285,,,,0.0016170594326993,0.009482780676805,170.52314901343004,,,,,,,,,,,,,,,,0.156950262326516,0.0849361004756547,230.97863525537315,0.1646753941474086,0.0928085370260858,221.78974197279587,0.000709978978785,0.0053954096363807,131.58646327487338,,,,,,,,,,,,
qwen3_30b_a3b_decode_compiled_bf16,qwen3_30b_a3b_decode_b1_kv1024,0.049789907961467,0.0347146883549124,0.0378841036325717,0.001021978624,0.0389060822565717,0.1253937174852765,0.0144687203712833,0.0156038095238095,0.0156038095238095,0.0756038095238095,True,0.0004516200250272,0.003515282425821,128.47332598653483,0.0005477762719551,0.0040583420811114,134.9721968998096,,,,,,,0.0012445452365728,0.0049984550638678,248.9818262107576,0.004595,0.0134916225954783,340.5748414172482,0.00559413592233,0.0144687203712833,386.6293581261445,,,,0.001243123268329,0.0049986697015656,248.6869340534672,,,,,,,,,,,,,,,,0.010001249077386,0.0053223969616503,234.88152885433803,0.0104581488949145,0.0057968644985978,225.50845523860065,0.0005790896583974,0.0031366790275246,184.61107261213184,,,,,,,,,,,,
qwen3_30b_a3b_decode_compiled_bf16,qwen3_30b_a3b_decode_b1_kv2048,0.0518044591430284,0.0353621140842341,0.0385290403900736,0.001052911616,0.0395819520060736,0.1274082686668379,0.0146864692377973,0.0156038095238095,0.0156038095238095,0.0756038095238095,True,0.0006947506270486,0.0049716578370465,139.74224490503696,0.0006377321147913,0.0043759428668587,145.73064771088954,,,,,,,0.001318640771526,0.0049985725454865,263.79827456246863,0.0045662972972972,0.0135123324007601,337.9258267850645,0.0059949058473736,0.0146864692377973,408.1851545982572,,,,0.0012325251973122,0.0049990513218954,246.54575412147264,,,,,,,,,,,,,,,,0.009946147731789,0.0053230064295493,233.55846075857653,0.0103950247948578,0.005798283933251,224.0727438293322,0.0005760897022381,0.0031367664377653,183.64494121146168,,,,,,,,,,,,
qwen3_30b_a3b_decode_compiled_bf16,qwen3_30b_a3b_decode_b1_kv4096,0.0536205426583576,0.0360207041110203,0.0391797519142517,0.0011661578239999,0.0403459097382517,0.13133297509079,0.014868599595825,0.0177124324324324,0.0177124324324324,0.0777124324324324,True,0.0008456226946061,0.0051183173663862,165.21497868804724,0.0009482098186366,0.0058731980887407,161.44275301158325,,,,,,,0.0012309049978687,0.0049997156538316,246.17397247422187,0.0045540774077407,0.0135002623797536,337.3167854628412,0.0063732111000991,0.014868599595825,428.60749848629473,,,,0.0012291167146206,0.0049960757562063,246.0110910502179,,,,,,,,,,,,,,,,0.0099016067677283,0.005323954635115,232.47288008506573,0.010364660273729,0.0057970907041205,223.482745379007,0.0005732943359909,0.0031391198884162,182.60431605002785,,,,,,,,,,,,
qwen3_30b_a3b_decode_compiled_bf16,qwen3_30b_a3b_decode_b1_kv512,0.0485317592944083,0.0344630024009809,0.0376866917080221,0.000792078336,0.0384787700440221,0.1185317592944083,0.0144178430445485,0.0144178430445485,0.01,0.07,False,0.0003812852136359,0.0030681922134571,124.2703152571753,0.0004196275684931,0.0033482939140981,125.32138917115562,,,,,,,0.0010959141008592,0.0047955298384746,228.523549160856,0.0042306918238993,0.0134349982714931,314.8857331243101,0.0060054466858789,0.0144178430445485,416.5196473009803,,,,0.00102530112009,0.0047957581115822,213.78936576721125,,,,,,,,,,,,,,,,0.0100886176177135,0.0053255401123609,236.79408809446656,0.0106234698886453,0.005797501186265,229.047417371998,0.0005926483817653,0.0031393905521853,188.77352479531967,,,,,,,,,,,,
qwen3_30b_a3b_decode_compiled_bf16,qwen3_30b_a3b_decode_b4_kv1024,0.090012256506853,0.0955100559036175,0.1003442234780322,0.002423824384,0.1027680478620323,0.1750313556059521,0.0231963818446755,0.0231963818446755,0.0177124324324324,0.0850190990990991,False,0.0006621342754562,0.0047595818643911,139.11605983920393,0.0007787200749269,0.0042997713674578,181.0934187747581,,,,,,,0.001047409839778,0.0056640426882525,184.91904202703503,0.0046103931203931,0.0184429226812039,249.97758077372035,0.0037545147679324,0.0126630241297468,296.48773555057386,,,,0.0010469040744305,0.0056651913088683,184.7930656828034,,,,,,,,,,,,,,,,0.0391956454585157,0.0212997575058941,230.0201324800989,0.043716128832767,0.0231963818446755,235.57007396905348,0.0006982054594173,0.0053508171134836,130.4827295583151,,,,,,,,,,,,
qwen3_30b_a3b_decode_compiled_bf16,qwen3_30b_a3b_decode_b4_kv2048,0.0901309327363873,0.0935228921490644,0.0983495282312035,0.002637733888,0.1009872621192035,0.1792829327363874,0.0231901293051593,0.0231901293051593,0.0218453333333333,0.089152,False,0.0011711480560531,0.0043791292419942,267.43856856797976,0.0008517058778548,0.0047864019384586,177.9386438233733,,,,,,,0.0010460671191553,0.005661299347338,184.7723018245686,0.004622113022113,0.0184428626957923,250.61363438188255,0.0037489198312236,0.0126644024426424,296.0162131584107,,,,0.0010453318250377,0.0056603520596189,184.67342732174512,,,,,,,,,,,,,,,,0.0392451030488843,0.0212995524518244,230.31197250165584,0.0410927826285254,0.0231901293051593,221.49455793259185,0.0006997207402169,0.0053684546605158,130.33373525436582,,,,,,,,,,,,
qwen3_30b_a3b_decode_compiled_bf16,qwen3_30b_a3b_decode_b4_kv4096,0.0932378227412243,0.0944240403883679,0.0991115992659695,0.003212353536,0.1023239528019695,0.1979936322650339,0.0231925204816058,0.0374491428571428,0.0374491428571428,0.1047558095238095,True,0.001611894992337,0.0062623286253525,257.3954656118557,0.0013173507940573,0.006002553173753,219.45788783534613,,,,,,,0.0010477344354488,0.0056626982538533,185.0206421128716,0.0046119656019656,0.0184433290823671,250.05574723154788,0.0037519831223628,0.0126634238198839,296.2786608534457,,,,0.0010464926682896,0.0056641882815596,184.75312894233767,,,,,,,,,,,,,,,,0.0392275024129904,0.0213033262146789,230.1686883741722,0.0411093563386324,0.0231925204816058,221.5551092638879,0.0006997600222836,0.0053703413435828,130.2964008099164,,,,,,,,,,,,
qwen3_30b_a3b_decode_compiled_bf16,qwen3_30b_a3b_decode_b4_kv512,0.0884377654473364,0.092354458759896,0.0972633899428893,0.002310578176,0.0995739681188893,0.1713482416378126,0.0232086620722088,0.0232086620722088,0.0156038095238095,0.0829104761904761,False,0.000487717609946,0.0032781423920643,148.77865315633372,0.0005322820490056,0.0041641643778844,127.82153360586526,,,,,,,0.0010519560572541,0.0056756728784661,185.34118724326524,0.0046191266912669,0.0184563705988622,250.26780574463425,0.0037623648648648,0.0126739007073479,296.8524258737692,,,,0.0010501408663754,0.0056771607020038,184.9720177159566,,,,,,,,,,,,,,,,0.0391940547584301,0.0213026996380757,229.9784105477267,0.0409588167950741,0.0232086620722088,220.59661324937449,0.0006979990676786,0.0053538256608928,130.36989636015713,,,,,,,,,,,,
qwen3_30b_a3b_decode_compiled_bf16,qwen3_30b_a3b_decode_b8_kv1024,0.1349470458305771,0.1739709086069937,0.1862238593049919,0.0038919375451888,0.1901157968501807,0.2404797921904116,0.0463917860813012,0.0463917860813012,0.0218453333333333,0.1055327463598344,False,0.0008659464347133,0.0041490908941149,208.70751131087312,0.0010931050923835,0.0063285366172967,172.72320241324547,,,,,,,0.0011228415989907,0.005145351821748,218.21944828781005,0.0046628182941903,0.0185479411913821,251.3882581705964,0.0037743644067796,0.0127216941704184,296.68245485409176,,,,0.0011245436703996,0.0051458837905367,218.5280669217491,,,,,,,,,,,,,,,,0.0784559132458979,0.042598425695642,230.2146529073512,0.0822902022626515,0.0463917860813012,221.7208618095248,0.0005811736009868,0.0042095711804217,138.0568162372875,,,,,,,,,,,,
qwen3_30b_a3b_decode_compiled_bf16,qwen3_30b_a3b_decode_b8_kv2048,0.1356366337059409,0.1753290922828294,0.1875482787121862,0.0044665571931888,0.192014835905375,0.2567731895895849,0.0463850296395662,0.0463850296395662,0.0374491428571428,0.1211365558836439,False,0.0015781150958343,0.0061388460946755,257.07031443631155,0.0012493229040342,0.0050553671290225,247.1220901849047,,,,,,,0.001124185403947,0.0051455225558958,218.4702689852945,0.0046679382716049,0.0185396698374807,251.7762778700669,0.0037845038167938,0.0127230604590754,297.4465879018042,,,,0.0011264445046261,0.0051456342863307,218.90672466608777,,,,,,,,,,,,,,,,0.0787899846704139,0.0425840445057006,231.2733596252304,0.0824272445820433,0.0463850296395662,222.12347060985107,0.0005813530335314,0.0042106160404196,138.06504371074067,,,,,,,,,,,,
qwen3_30b_a3b_decode_compiled_bf16,qwen3_30b_a3b_decode_b8_kv4096,0.138150687986976,0.1777474028790685,0.1898618237606942,0.0052550863451888,0.195116910105883,0.2750653091353046,0.0464056946233252,0.0532272081218274,0.0532272081218274,0.1369146211483285,True,0.0024970498243099,0.0075415179244362,331.10705952430703,0.0018925072576529,0.0062951843676861,300.6200607098513,,,,,,,0.0011316757453489,0.0051455861627351,219.9264587866332,0.0047178615574783,0.0185459781076174,254.383546027381,0.0037912637828668,0.0127254987592106,297.9223710079574,,,,0.0011302872474747,0.0051456245351999,219.6549156719787,,,,,,,,,,,,,,,,0.0790558419426235,0.0424273823161288,232.9105616991398,0.0829478634858751,0.0464056946233252,223.42561816592143,0.0005830520354379,0.0042094318885713,138.50745247336792,,,,,,,,,,,,
qwen3_30b_a3b_decode_compiled_bf16,qwen3_30b_a3b_decode_b8_kv512,0.1333136399070929,0.1727548865023819,0.1850874753328183,0.0036780280411888,0.1887655033740072,0.2347134853660265,0.0464071147921888,0.0464071147921888,0.0177124324324324,0.1013998454589335,False,0.0006514184688525,0.0046369324706015,140.4847866520815,0.0006049357286406,0.0041866235488971,144.4880239213292,,,,,,,0.0011245608256477,0.0051469706525706,218.4839015178457,0.0049298399014778,0.0185471107219827,265.7957819920557,0.0037837404580152,0.0127285707067695,297.25617622733546,,,,0.0011255523989898,0.0051458930047813,218.71479749115213,,,,,,,,,,,,,,,,0.0781901809776414,0.0426060788965494,229.3937674189324,0.0817666388192704,0.0464071147921888,220.2273035762721,0.000578018923846,0.0042012087701037,137.58093759857545,,,,,,,,,,,,
qwen3_30b_a3b_prefill_compiled_bf16,qwen3_30b_a3b_prefill_b16_s1024,5.1700243179015,4.843929773753673,5.54238868631136,3.578483247499085,9.120871933810443,51.64397796382462,2.32240035856613,22.55760134453781,22.55760134453781,46.47395364592312,True,1.0480000505050506,2.32240035856613,451.2572720889928,0.4754178947368421,0.8090504214638158,587.6105728478136,,,,,,,0.0629182517482517,0.1051727849786931,598.2258392554594,0.4289333333333333,0.7386923944382441,580.654371639209,0.4571,0.7170302036830357,637.4784644621612,,,,0.0629054545454545,0.1050969562663898,598.5353430062535,,,,,,,,,,,,,,,,1.2240246882265906,0.2564450647986683,596.6196914710139,1.0560594657375146,0.2786955574912892,473.6523462090736,0.0285706349206349,0.0477103174603174,598.8218333603074,,,,,,,,,,,,
qwen3_30b_a3b_prefill_compiled_bf16,qwen3_30b_a3b_prefill_b16_s2048,15.890475938779538,12.781623184362363,15.690444177625476,10.766339536426257,26.45678371405173,154.0816009685092,8.991711263020832,90.23040537815126,90.23040537815126,138.19112502972968,True,4.835043333333333,8.991711263020832,537.7222635270613,1.610476,3.063427978515625,525.6980690958184,,,,,,,0.1168836363636363,0.1972713480367288,592.4881099479047,0.8179736363636363,1.381232022372159,592.1934294801431,0.8722818181818182,1.4351027610085227,607.795711274111,,,,0.1169553246753246,0.1971875634131493,593.1051737611247,,,,,,,,,,,,,,,,1.8476882051282053,0.385355475010016,599.3337488594273,2.504519111111111,0.5340078559027778,586.2439790262094,0.059802119205298,0.0996385829496067,600.1790651363402,,,,,,,,,,,,
qwen3_30b_a3b_prefill_compiled_bf16,qwen3_30b_a3b_prefill_b16_s4096,42.92183087284568,27.510591282880423,35.1671211552802,35.295364901972505,70.4624860572527,496.8154218022153,23.76111567905971,357.91394133333336,357.91394133333336,453.8935909293696,True,10.526895178571428,23.76111567905971,443.03034086268144,5.829865,11.8480908203125,492.0421106638876,,,,,,,0.2308735897435897,0.3914026191907051,589.8490548406226,1.699126666666667,2.760198974609375,615.5667261760597,1.700655,2.854432983398437,595.7808296468183,,,,0.2307630769230769,0.3916993439503205,589.1203628695398,,,,,,,,,,,,,,,,3.2665158620689656,0.648159710709549,629.9462785705118,3.930221843971631,0.8530311530363475,575.9034776994008,0.0956750649350649,0.1968015517197646,486.1407543134404,,,,,,,,,,,,
qwen3_30b_a3b_prefill_compiled_bf16,qwen3_30b_a3b_prefill_b16_s512,2.0423740515068936,2.573117150294894,2.717995235892581,1.298463726977232,4.016458962869813,19.677918085262167,0.5984148411849203,5.663195274261604,5.663195274261604,17.635544033755274,True,0.2669169080675422,0.5984148411849203,446.039920298468,0.1152011940298507,0.2271906155258861,507.0568450327938,,,,,,,0.0370332510288065,0.0619092500160751,598.1747426599273,0.2287009523809523,0.3627713158017113,630.4130967451168,0.2340560975609756,0.3731411370998476,627.2459778695579,,,,0.0370422633744855,0.061937255859375,598.049563812221,,,,,,,,,,,,,,,,0.6688982395878059,0.1610177524512599,519.2636430753123,0.9716643275978084,0.2885871967145895,420.8627557778215,0.0136039166666666,0.0312511927286783,435.2994138683454,,,,,,,,,,,,
qwen3_30b_a3b_prefill_compiled_bf16,qwen3_30b_a3b_prefill_b1_s1024,0.4949553168697547,0.6879592205382722,0.7143510729471819,0.165791792522564,0.880142865469746,3.4417853867147565,0.1234812564750023,1.3981013333333334,1.3981013333333334,2.946830069845002,True,0.0523255062217194,0.1088033552092875,480.91813088915575,0.0284920886075949,0.0476320484016515,598.1575956815077,,,,,,,0.0066061952191235,0.014941868269111,442.11724242241513,0.03613684,0.0610990185546875,591.4347257185037,0.0356882142857142,0.0599423799060639,595.3453676073052,,,,0.006602749003984,0.0149485140492716,441.6921901020433,,,,,,,,,,,,,,,,0.2149816557016748,0.0867504674024212,309.7645673441712,0.3044437269277833,0.1234812564750023,308.18040399246894,0.0026822445706777,0.0072467909206405,370.120566932841,,,,,,,,,,,,
qwen3_30b_a3b_prefill_compiled_bf16,qwen3_30b_a3b_prefill_b1_s2048,1.2310450713131784,1.1064507579473628,1.2786778614608765,0.6010066704534359,1.8796845319143125,9.908598583410551,0.5670360266473694,5.663195274261604,5.663195274261604,8.677553512097372,True,0.2881268485237483,0.5670360266473694,508.12794070125256,0.0935644871794871,0.1947290508563701,480.4748778816554,,,,,,,0.0138252694610778,0.0224997679202142,614.44884719874,0.0744232558139534,0.1169339627997819,636.4413564865412,0.0634857236842105,0.0997216395327919,636.6160318677994,,,,0.0130366866566716,0.0225104336259604,579.1306349817061,,,,,,,,,,,,,,,,0.2682509959497121,0.1329812006700151,252.14572286391268,0.2873856772456659,0.1084470402121672,331.24370375217507,0.0043518134328358,0.0111961505946828,388.679480236911,,,,,,,,,,,,
qwen3_30b_a3b_prefill_compiled_bf16,qwen3_30b_a3b_prefill_b1_s4096,3.639448086508926,2.5734199217872256,3.3084896783657785,2.0559289693383627,5.364418647704142,32.17701935052012,2.2264228515625,22.55760134453781,22.55760134453781,28.53757126401119,True,1.125053045454545,2.2264228515625,505.3186750508714,0.3956385714285714,0.7478907412574405,528.9946435559636,,,,,,,0.0176436497890295,0.0317272176621835,556.0908911769056,0.1247732467532467,0.1972109628652597,632.6762192990651,0.109108313253012,0.1828080878200301,596.8342133235615,,,,0.0177678858350951,0.0317468803679968,559.6622995206934,,,,,,,,,,,,,,,,0.3602715331041171,0.1323173635274784,340.34060835260686,0.4156302521008403,0.1312806265694754,395.7355385810649,0.0075334240687679,0.0215174529067424,350.1001557495814,,,,,,,,,,,,
qwen3_30b_a3b_prefill_compiled_bf16,qwen3_30b_a3b_prefill_b1_s512,0.3054990210249839,0.5035347361930524,0.5359651941837925,0.055276404421282,0.5912415986050745,1.4686300910311232,0.116229689919667,0.3569620425531914,0.3569620425531914,1.1631310700061392,True,0.0136209746548945,0.025057668422859,543.5850784292716,0.0077125594671741,0.0140642375564938,548.3629360893198,,,,,,,0.0046006414334181,0.0099408745866796,462.7834015325784,0.0203021182266009,0.0370375549617072,548.1369802134891,0.019344,0.0328953694661458,588.0238720617517,,,,0.0046099984083191,0.0099504694266715,463.287828379542,,,,,,,,,,,,,,,,0.1574896100632053,0.0745013771863548,264.23498011495013,0.2737214092140921,0.116229689919667,294.3662864340885,0.0021334247253479,0.005713123511756,373.41803450655385,,,,,,,,,,,,
qwen3_30b_a3b_prefill_compiled_bf16,qwen3_30b_a3b_prefill_b4_s1024,1.4542017300276937,1.4355863565372435,1.602518904478792,0.795356067962363,2.397874972441155,13.09736692376267,0.5808093538484145,5.663195274261604,5.663195274261604,11.643165193734978,True,0.2678151563036757,0.5808093538484145,461.1068236576176,0.1092409589041095,0.2071163647795376,527.4251096673007,,,,,,,0.0178900843881856,0.0317200659900777,563.9886175897942,0.1185622368421052,0.1974834241365131,600.3546534693602,0.1158619277108433,0.1830649649378765,632.8897617138208,,,,0.0179188794926004,0.0317502121391054,564.3604083900404,,,,,,,,,,,,,,,,0.3607191805015896,0.1325224590402574,340.2379967565814,0.4199796205200281,0.1317402671444022,398.4839238657169,0.0075983118741058,0.021464896140692,353.98174410387486,,,,,,,,,,,,
qwen3_30b_a3b_prefill_compiled_bf16,qwen3_30b_a3b_prefill_b4_s2048,4.250308871432178,3.749936720147649,4.4723324850070485,2.559036628353231,7.031369113360279,38.78025897546367,2.2696157647091804,22.55760134453781,22.55760134453781,34.529950104031485,True,1.1515466028708137,2.2696157647091804,507.3751340541857,0.374525,0.7637710571289062,490.3519799645066,,,,,,,0.0367472244897959,0.061486233458227,597.6361039914223,0.2147292857142857,0.3628737676711309,591.7325544878181,0.2340234146341463,0.3719593773818597,629.1487962502607,,,,0.0367301224489795,0.0615075583944515,597.1493773693481,,,,,,,,,,,,,,,,0.6627246910156065,0.1625635182151965,509.5792722435295,1.0253855773038751,0.2881617284163596,444.78686608230976,0.0135248016701461,0.0313636579095446,431.2149890189719,,,,,,,,,,,,
qwen3_30b_a3b_prefill_compiled_bf16,qwen3_30b_a3b_prefill_b4_s4096,13.864957084403432,9.412883649212183,12.375465690201016,8.698084264331085,21.0735499545321,128.01171476394,8.878852132161459,90.23040537815126,90.23040537815126,114.14675767953656,True,4.570283333333334,8.878852132161459,514.7380838541737,1.519623333333333,2.950826416015625,514.9726626713448,,,,,,,0.0625570833333333,0.1046839650472005,597.5655293217316,0.457017619047619,0.7379688081287202,619.2784641816252,0.4286052380952381,0.7164313616071428,598.236817071778,,,,0.0666461111111111,0.1048716735839843,635.4907412412159,,,,,,,,,,,,,,,,1.2294046924540265,0.255006332897379,602.6208166040946,1.050221460023175,0.2781668009487253,471.9295654202368,0.0285247784810126,0.0477052326443829,597.9245214672964,,,,,,,,,,,,
qwen3_30b_a3b_prefill_compiled_bf16,qwen3_30b_a3b_prefill_b4_s512,0.6270100883590312,0.7973037565891214,0.8205105213697206,0.2659992213654359,1.0865097427351564,5.039469659528134,0.131969531121173,1.3981013333333334,1.3981013333333334,4.412459571169102,True,0.0553588559148587,0.1101210976974231,502.708900223342,0.0265624203821656,0.0478175927423367,555.4827752389828,,,,,,,0.0131546776611694,0.0225085467520146,584.4201484130058,0.0697495348837209,0.1172007857921511,595.1175588923735,0.0636265131578947,0.1000596779271176,635.8719330536405,,,,0.0131882458770614,0.0225012609661965,586.0961339498081,,,,,,,,,,,,,,,,0.2635387236849337,0.131969531121173,249.61624970659247,0.2877516283108988,0.1086449810143472,331.0622544915517,0.0043731567164179,0.0111964220644822,390.5779203111523,,,,,,,,,,,,
qwen3_30b_a3b_prefill_compiled_bf16,qwen3_30b_a3b_prefill_b8_s1024,2.7849842105199176,2.980809790018505,3.320040752938344,1.719370521985231,5.039411274923576,26.05987848580306,1.1607589237273686,11.302545515789474,11.302545515789474,23.274894275283145,True,0.5471995238095237,1.1607589237273686,471.4153065068715,0.2612637837837838,0.4065296069995777,642.6547897065634,,,,,,,0.0368732786885245,0.0616594758580942,598.0038101758286,0.2143488095238095,0.3634859212239583,589.6905950804913,0.2194460975609756,0.3732163145483994,587.9736704286022,,,,0.0370205349794238,0.0617207845052083,599.7966517709233,,,,,,,,,,,,,,,,0.6736633488166335,0.1609932530765518,523.0434693271268,0.9771996539459772,0.2885167449068177,423.3650213953992,0.0137947589098532,0.0314834460372445,438.1497738530374,,,,,,,,,,,,
qwen3_30b_a3b_prefill_compiled_bf16,qwen3_30b_a3b_prefill_b8_s2048,8.072671579102755,6.369178234105446,7.821215095270848,5.279290296715086,13.100505391985934,77.10422656956369,4.505623494466146,45.11520268907563,45.11520268907563,69.03155499046093,True,2.2863233333333337,4.505623494466146,507.4377244661965,0.758889,1.5254344482421875,497.4774505712984,,,,,,,0.0629704195804195,0.1051627888712849,598.7790309181962,0.4571047619047619,0.7397930036272321,617.8691431623979,0.4295866666666666,0.7187101818266369,597.7014700975488,,,,0.0629436363636363,0.105291278545673,597.7935547276335,,,,,,,,,,,,,,,,1.2238095962798563,0.2567270108394103,595.8599316900525,1.0589881533101049,0.2786852134146341,474.981949538035,0.0285626666666666,0.0476982266865079,598.8086505552395,,,,,,,,,,,,
qwen3_30b_a3b_prefill_compiled_bf16,qwen3_30b_a3b_prefill_b8_s4096,21.64909698346861,14.67027317287236,18.49161588833713,17.535207994922256,36.02682388325938,249.3155612375575,11.884766207858249,179.70574460251046,179.70574460251046,227.66646425408888,True,5.473850135135136,11.884766207858249,460.5770142550896,2.88052,5.92371337890625,486.2541404764863,,,,,,,0.1184246052631579,0.197479537160773,599.6559465302428,0.8179745454545455,1.3830347789417614,591.4183560616979,0.8727854545454545,1.4398146750710228,606.1647201586619,,,,0.1183807894736842,0.1975923397666529,599.103168734807,,,,,,,,,,,,,,,,1.8321256597774245,0.3842832745429252,595.9417606392344,2.496119466666667,0.5339042100694444,584.3774453137908,0.0600925165562913,0.0995804580789528,603.4436757050465,,,,,,,,,,,,
qwen3_30b_a3b_prefill_compiled_bf16,qwen3_30b_a3b_prefill_b8_s512,1.0820918566117077,1.2554165235801198,1.3252024409209695,0.5548378993863629,1.880040340307332,9.85826444275175,0.2996003289714763,2.796202666666667,2.796202666666667,8.776172586140042,True,0.1333002026266416,0.2996003289714763,444.9267565368148,0.0620822900763358,0.1151770112714694,539.0036954952478,,,,,,,0.0180134038054968,0.0317489036898784,567.3608274061679,0.1185310526315789,0.1978745791786595,599.0089128609528,0.1084940963855421,0.1836237528237951,590.8391010242647,,,,0.0179874841437632,0.0317640373117071,566.2740284918112,,,,,,,,,,,,,,,,0.3637590957258919,0.132532430343601,343.078767180173,0.4250900140646976,0.1318054091913623,403.1342398343897,0.0081588841201716,0.0214783448313438,379.8577824221052,,,,,,,,,,,,
replknet_31b_compiled_bf16,replknet31b_b1,0.7707562648906443,0.1597841988044562,0.2603414397680059,0.0026204260993439,0.2629618658673499,0.840345612320897,0.7513404049090485,0.7513404049090485,0.0303420716448442,0.0695893474302527,False,,,,,,,,,,,,,,,,,,,,,,,,,,,,,,,,,,,,,,,,,,,,,,,,,,,,0.1555800995024875,0.7513404049090485,207.03601128349104,0.0015793101917613,0.0066430384462529,237.72074456214293,0.0015245266567015,0.0062382243000734,244.37020363866057,0.0011002624535057,0.0065345972352693,168.3641784419979
replknet_31b_compiled_bf16,replknet31b_b16,6.422333303820598,1.9266955064996,2.782150371108923,0.0239516437522296,2.8061020148611524,6.990601756601852,6.3581103515625,6.3581103515625,0.2769313678256661,0.5682684527812543,False,,,,,,,,,,,,,,,,,,,,,,,,,,,,,,,,,,,,,,,,,,,,,,,,,,,,1.90268,6.3581103515625,299.2422689952205,0.0070195873452544,0.0206563520890646,339.7966447287585,0.0074312707838479,0.0178190775891664,417.02999714837614,0.0095646483704974,0.025747522579867,371.4701133525792
replknet_31b_compiled_bf16,replknet31b_b4,1.901569432992144,0.5140349993740507,0.7653520702019043,0.0068936347385729,0.7722457049404773,2.071626536552945,1.8715983072916669,1.8715983072916669,0.0783268638308554,0.1700571035608012,False,,,,,,,,,,,,,,,,,,,,,,,,,,,,,,,,,,,,,,,,,,,,,,,,,,,,0.5052344444444444,1.8715983072916669,269.9412997568103,0.003573493109809,0.0101367856065432,352.5042849799108,0.0024263943440691,0.009078796744469,267.2520085344487,0.0028006674757281,0.0107555433494648,260.38641094462145
replknet_31b_compiled_bf16,replknet31b_b8,3.4087650011587662,0.990601113208462,1.4431631969453802,0.0124858451406866,1.4556490420860668,3.711087271298271,3.366425048828125,3.366425048828125,0.145668542477794,0.3023222701395049,False,,,,,,,,,,,,,,,,,,,,,,,,,,,,,,,,,,,,,,,,,,,,,,,,,,,,0.977008,3.366425048828125,290.2132443252301,0.0037226987605804,0.0138353719100121,269.0630625016885,0.0042839457653763,0.0122945551523378,348.4330170615463,0.0055864686825054,0.016210025268291,344.61911418458635
vit_compiled_bf16,vit_b16_s197_b1,0.0395746581197084,0.0165668594237457,0.0181453660492693,0.008013600948113,0.0261589669973823,0.1859968514896666,0.0106256926306176,0.0398672419341301,0.0398672419341301,0.1464221933699582,True,0.0013174785208278,0.0047909773508057,274.9915986570527,0.0009806456532791,0.0038134641506736,257.14336325811144,0.0041237342192691,0.0099739686072466,413.4388064876727,0.0038599405267629,0.0106256926306176,363.25524570300814,0.0016465997540583,0.0052127846651879,315.8560616674807,0.0015460968790145,0.0051577707151768,299.74978918217283,0.001539002095907,0.0051917447121227,296.4197008148727,,,,0.0015533617746267,0.0051612132014735,300.9511902743787,,,,,,,,,,,,,,,,,,,,,,,,,,,,,,,,,,,,
vit_compiled_bf16,vit_b16_s197_b16,0.1810698087923845,0.12303936064797,0.1338024803481484,0.0683602059619634,0.2021626863101118,1.3648117857694348,0.0564765661575374,0.4113155046844193,0.4113155046844193,1.1837419769770503,True,0.0143450903408519,0.0266583763965108,538.1081776131543,0.0057674695407685,0.0140646096312675,410.0574298047543,0.0361689138576779,0.0564765661575374,640.4039961581645,0.0289441811846689,0.0522882186411149,553.5348718689781,0.0094459394572025,0.0157878033154194,598.2892020722235,0.0094657784743991,0.0157852424773053,599.6432256733242,0.0094643051201671,0.0157744793707549,599.9553671778328,,,,0.0094376826722338,0.0157967954886482,597.4231613237797,,,,,,,,,,,,,,,,,,,,,,,,,,,,,,,,,,,,
vit_compiled_bf16,vit_b16_s197_b4,0.0775358172339953,0.0485218069768659,0.0542222601619567,0.0205884194602351,0.0748106796221918,0.4400329661264097,0.0276659795894833,0.1133732005118322,0.1133732005118322,0.3624971488924143,True,0.0038001374703704,0.008889277800865,427.4967613230271,0.0027821391394864,0.0072308741168091,384.7477507640435,0.0158619188191881,0.0276659795894833,573.3185571518766,0.0092821618625277,0.0166293409394054,558.1640118856204,0.004193584045584,0.0085575991030092,490.0290075731585,0.004209893025246,0.0085594693272179,491.827904921751,0.0041897532449008,0.0085608754602143,489.3778596952168,,,,0.0042022193695621,0.0085576829324008,491.0272998227008,,,,,,,,,,,,,,,,,,,,,,,,,,,,,,,,,,,,
vit_compiled_bf16,vit_b16_s197_b8,0.1016134757058125,0.067788730387512,0.0727932058889534,0.0358661665880886,0.1086593724770421,0.7220518096205276,0.0293252216413909,0.2117359515745428,0.2117359515745428,0.6204383339147151,True,0.0079128628881748,0.0150076771007135,527.2543402335498,0.0033115492957746,0.0088060069196101,376.0436339918302,0.0178127843137254,0.0293252216413909,607.4045406438787,0.0155441563055062,0.0266931369164908,582.310194709189,0.0058004932898077,0.0108897469084376,532.6315684810713,0.0058042292346753,0.0108908883566263,532.9290383472323,0.0058006311207834,0.0108879838181787,532.7408538925591,,,,0.0058020239390642,0.0108905447709806,532.7352594984412,,,,,,,,,,,,,,,,,,,,,,,,,,,,,,,,,,,,
vit_compiled_bf16,vit_h14_s257_b1,0.0764527213377945,0.0431153904509679,0.0468905183787013,0.0126821483012111,0.0595726666799124,0.2994144919346128,0.0221387096843888,0.0653806951552804,0.0653806951552804,0.2229617705968182,True,0.0033003439931633,0.0077367613316714,426.5795274894907,0.0017735289139633,0.0084692906216942,209.40071482252227,0.0110350884955752,0.0221387096843888,498.434013538225,0.0098136079545454,0.0213414885781028,459.8164292170785,0.0043085478588435,0.0083831395836506,513.9393061552067,0.0042679005244081,0.0083833315382866,509.0787103325553,0.0043019116604024,0.0083827452484673,513.1711847763714,,,,0.0043144610500665,0.0083824791614415,514.6859335008436,,,,,,,,,,,,,,,,,,,,,,,,,,,,,,,,,,,,
vit_compiled_bf16,vit_h14_s257_b16,0.5090237671330908,0.3443930792804388,0.3767335278568839,0.1533470994460267,0.5300806273029106,3.023905771341045,0.1643319569463315,0.8846627810163439,0.8846627810163439,2.514882004207954,True,0.0339511942545317,0.0602953535925898,563.0814354939662,0.0190748329048843,0.038577799269963,494.436620648279,0.0978575,0.1643319569463315,595.4701355415692,0.0886485263157894,0.1587496530633223,558.399909633046,0.0257164672364672,0.0434888877759971,591.3125035275316,0.0259650144092219,0.0435317474277287,596.4436020361994,0.0274577777777777,0.0434663656294515,631.6838394375824,,,,0.0257217663817663,0.0435372568331552,590.7828852770892,,,,,,,,,,,,,,,,,,,,,,,,,,,,,,,,,,,,
vit_compiled_bf16,vit_h14_s257_b4,0.1682697205881234,0.1115003325662274,0.1226164622970439,0.0390518851433667,0.1616683474404107,0.8451561813721147,0.0559150054818192,0.2292200307611559,0.2292200307611559,0.6768864607839912,True,0.0123041922662422,0.021988348993139,559.5778141451885,0.0062181450872359,0.0137851167929292,451.0601886758808,0.0322732342007434,0.0559150054818192,577.1614536919657,0.0266962017804154,0.0445547766077058,599.1602102999749,0.0085052508004268,0.0160123576324039,531.1535034170927,0.0085073212379935,0.0160126377297058,531.2736017612509,0.0084879295624332,0.0160128605047692,530.0549410462728,,,,0.0085080576307363,0.0160138349828241,531.2779936505757,,,,,,,,,,,,,,,,,,,,,,,,,,,,,,,,,,,,
vit_compiled_bf16,vit_h14_s257_b8,0.2804070930537677,0.1953578877676689,0.2117725684191388,0.0747491233929285,0.2865216918120673,1.5751530863199812,0.0872079893600109,0.4467002735683478,0.4467002735683478,1.2947459932662135,True,0.0226610947807895,0.0366319264412808,618.6159719749974,0.0100738448844884,0.0247960579749381,406.2565874266824,0.052296976744186,0.0872079893600109,599.6601415198747,0.0475722105263157,0.0792794060958059,600.0396955950936,0.0156839861351819,0.0262516988294789,597.4298216121861,0.0156862218370883,0.026240014352253,597.7812664621705,0.0156874870017331,0.0262395531507257,597.835517843669,,,,0.0156960658578856,0.0262465875318186,598.0040378267114,,,,,,,,,,,,,,,,,,,,,,,,,,,,,,,,,,,,
vit_compiled_bf16,vit_l16_s197_b1,0.0488955575770472,0.0239529645237389,0.0263862202208977,0.0093586847984457,0.0357449050193434,0.2138636919168906,0.014448292707456,0.0459891718705103,0.0459891718705103,0.1649681343398433,True,0.0014385970461809,0.0049231943647753,292.20805428156893,0.0010510678721174,0.0040987316000969,256.4269754512097,0.006083976109215,0.0128063944012638,475.0567681014927,0.0058034456207892,0.014448292707456,401.6506362525664,0.0023981832709533,0.0063094653214561,380.0699647827976,0.0023803776441397,0.0063094791819988,377.250602959244,0.0024015013246982,0.0063091994043786,380.62365927059614,,,,0.0023958156356448,0.0063092358524722,379.7084461137401,,,,,,,,,,,,,,,,,,,,,,,,,,,,,,,,,,,,
vit_compiled_bf16,vit_l16_s197_b16,0.2957829613758057,0.1995113546742938,0.2209833297339352,0.0906014553378495,0.3115847850717848,1.849486198805622,0.1033970412162885,0.5464937241241454,0.5464937241241454,1.5537032374298163,True,0.0185555600825625,0.0336723002916003,551.0630376265491,0.0086486269430051,0.0194640038050518,444.3275209648624,0.0577354794520547,0.1033970412162885,558.3654384101278,0.0472557062146892,0.0850025655455508,555.9165836379674,0.0162894054054054,0.0271250131967905,600.5133287518298,0.0163008108108108,0.0271192527977195,601.0567604823059,0.0173469909909909,0.0271133538323479,639.7752401046293,,,,0.0173787747747747,0.0271277977195945,640.6077410994603,,,,,,,,,,,,,,,,,,,,,,,,,,,,,,,,,,,,
vit_compiled_bf16,vit_l16_s197_b4,0.1002741511239827,0.0619427191011925,0.0662860491982946,0.0257223385172368,0.0920083877155315,0.546542871535801,0.0276334740133846,0.1463289013862464,0.1463289013862464,0.4462687204118182,True,0.0053296260897438,0.0129589386355075,411.2702621448258,0.0023932947619656,0.00799428203885,299.3481689632032,0.0158204044117647,0.0276334740133846,572.4922649282188,0.0165188181818181,0.02741455078125,602.5405402795009,0.0054687067954885,0.0121395409789106,450.4695326886242,0.0054702672110603,0.0121333577674637,450.8255586902353,0.0054670008489307,0.0121356534019131,450.46886072930687,,,,0.0054746008004204,0.0121395478875267,450.95808453523176,,,,,,,,,,,,,,,,,,,,,,,,,,,,,,,,,,,,
vit_compiled_bf16,vit_l16_s197_b8,0.1953308222231117,0.1224552139905093,0.1355742806809089,0.0467465304998207,0.1823208111807297,1.0053323978855202,0.0654277237601902,0.2782738069456357,0.2782738069456357,0.8100015756624085,True,0.0104069510634839,0.0203826805640888,510.5781367058978,0.0044049162861491,0.0114232376539906,385.6001879289616,0.0370650434782608,0.0654277237601902,566.4872442901584,0.0305396734693877,0.0615371342873086,496.2668083879103,0.0100110335756822,0.0182789637664902,547.6642025043719,0.0100123610146992,0.0182789161948511,547.7333956350444,0.009991609124012,0.0182771887497069,546.6519278648702,,,,0.010023625978834,0.0182811297626822,548.2901344982303,,,,,,,,,,,,,,,,,,,,,,,,,,,,,,,,,,,,
